"Date","Source","Site ID","POC","Daily Mean PM2.5 Concentration","Units","Daily AQI Value","Local Site Name","Daily Obs Count","Percent Complete","AQS Parameter Code","AQS Parameter Description","Method Code","Method Description","CBSA Code","CBSA Name","State FIPS Code","State","County FIPS Code","County","Site Latitude","Site Longitude"
"01/01/2025","AirNow","060710005","3","12.2","ug/m3 LC","57","Crestline","1","100.0000","88502","Acceptable PM2.5 AQI & Speciation Mass","","","40140","Riverside-San Bernardino-Ontario, CA","06","California","071","San Bernardino","34.2431","-117.27235"
"01/02/2025","AirNow","060710005","3","7","ug/m3 LC","39","Crestline","1","100.0000","88502","Acceptable PM2.5 AQI & Speciation Mass","","","40140","Riverside-San Bernardino-Ontario, CA","06","California","071","San Bernardino","34.2431","-117.27235"
"01/03/2025","AirNow","060710005","3","2.8","ug/m3 LC","16","Crestline","1","100.0000","88502","Acceptable PM2.5 AQI & Speciation Mass","","","40140","Riverside-San Bernardino-Ontario, CA","06","California","071","San Bernardino","34.2431","-117.27235"
"01/04/2025","AirNow","060710005","3","3.6","ug/m3 LC","20","Crestline","1","100.0000","88502","Acceptable PM2.5 AQI & Speciation Mass","","","40140","Riverside-San Bernardino-Ontario, CA","06","California","071","San Bernardino","34.2431","-117.27235"
"01/05/2025","AirNow","060710005","3","2.4","ug/m3 LC","13","Crestline","1","100.0000","88502","Acceptable PM2.5 AQI & Speciation Mass","","","40140","Riverside-San Bernardino-Ontario, CA","06","California","071","San Bernardino","34.2431","-117.27235"
"01/06/2025","AirNow","060710005","3","3.1","ug/m3 LC","17","Crestline","1","100.0000","88502","Acceptable PM2.5 AQI & Speciation Mass","","","40140","Riverside-San Bernardino-Ontario, CA","06","California","071","San Bernardino","34.2431","-117.27235"
"01/07/2025","AirNow","060710005","3","1.6","ug/m3 LC","9","Crestline","1","100.0000","88502","Acceptable PM2.5 AQI & Speciation Mass","","","40140","Riverside-San Bernardino-Ontario, CA","06","California","071","San Bernardino","34.2431","-117.27235"
"01/08/2025","AirNow","060710005","3","2.2","ug/m3 LC","12","Crestline","1","100.0000","88502","Acceptable PM2.5 AQI & Speciation Mass","","","40140","Riverside-San Bernardino-Ontario, CA","06","California","071","San Bernardino","34.2431","-117.27235"
"01/11/2025","AirNow","060710005","3","5.4","ug/m3 LC","30","Crestline","1","100.0000","88502","Acceptable PM2.5 AQI & Speciation Mass","","","40140","Riverside-San Bernardino-Ontario, CA","06","California","071","San Bernardino","34.2431","-117.27235"
"01/12/2025","AirNow","060710005","3","0.2","ug/m3 LC","1","Crestline","1","100.0000","88502","Acceptable PM2.5 AQI & Speciation Mass","","","40140","Riverside-San Bernardino-Ontario, CA","06","California","071","San Bernardino","34.2431","-117.27235"
"01/13/2025","AirNow","060710005","3","0.8","ug/m3 LC","4","Crestline","1","100.0000","88502","Acceptable PM2.5 AQI & Speciation Mass","","","40140","Riverside-San Bernardino-Ontario, CA","06","California","071","San Bernardino","34.2431","-117.27235"
"01/14/2025","AirNow","060710005","3","0.8","ug/m3 LC","4","Crestline","1","100.0000","88502","Acceptable PM2.5 AQI & Speciation Mass","","","40140","Riverside-San Bernardino-Ontario, CA","06","California","071","San Bernardino","34.2431","-117.27235"
"01/17/2025","AirNow","060710005","3","14.9","ug/m3 LC","62","Crestline","1","100.0000","88502","Acceptable PM2.5 AQI & Speciation Mass","","","40140","Riverside-San Bernardino-Ontario, CA","06","California","071","San Bernardino","34.2431","-117.27235"
"01/18/2025","AirNow","060710005","3","13.6","ug/m3 LC","59","Crestline","1","100.0000","88502","Acceptable PM2.5 AQI & Speciation Mass","","","40140","Riverside-San Bernardino-Ontario, CA","06","California","071","San Bernardino","34.2431","-117.27235"
"01/19/2025","AirNow","060710005","3","11.1","ug/m3 LC","55","Crestline","1","100.0000","88502","Acceptable PM2.5 AQI & Speciation Mass","","","40140","Riverside-San Bernardino-Ontario, CA","06","California","071","San Bernardino","34.2431","-117.27235"
"01/20/2025","AirNow","060710005","3","3.5","ug/m3 LC","19","Crestline","1","100.0000","88502","Acceptable PM2.5 AQI & Speciation Mass","","","40140","Riverside-San Bernardino-Ontario, CA","06","California","071","San Bernardino","34.2431","-117.27235"
"01/21/2025","AirNow","060710005","3","1.8","ug/m3 LC","10","Crestline","1","100.0000","88502","Acceptable PM2.5 AQI & Speciation Mass","","","40140","Riverside-San Bernardino-Ontario, CA","06","California","071","San Bernardino","34.2431","-117.27235"
"01/22/2025","AirNow","060710005","3","1.4","ug/m3 LC","8","Crestline","1","100.0000","88502","Acceptable PM2.5 AQI & Speciation Mass","","","40140","Riverside-San Bernardino-Ontario, CA","06","California","071","San Bernardino","34.2431","-117.27235"
"01/23/2025","AirNow","060710005","3","1.7","ug/m3 LC","9","Crestline","1","100.0000","88502","Acceptable PM2.5 AQI & Speciation Mass","","","40140","Riverside-San Bernardino-Ontario, CA","06","California","071","San Bernardino","34.2431","-117.27235"
"01/24/2025","AirNow","060710005","3","3.1","ug/m3 LC","17","Crestline","1","100.0000","88502","Acceptable PM2.5 AQI & Speciation Mass","","","40140","Riverside-San Bernardino-Ontario, CA","06","California","071","San Bernardino","34.2431","-117.27235"
"01/25/2025","AirNow","060710005","3","11.4","ug/m3 LC","55","Crestline","1","100.0000","88502","Acceptable PM2.5 AQI & Speciation Mass","","","40140","Riverside-San Bernardino-Ontario, CA","06","California","071","San Bernardino","34.2431","-117.27235"
"01/26/2025","AirNow","060710005","3","1","ug/m3 LC","6","Crestline","1","100.0000","88502","Acceptable PM2.5 AQI & Speciation Mass","","","40140","Riverside-San Bernardino-Ontario, CA","06","California","071","San Bernardino","34.2431","-117.27235"
"01/27/2025","AirNow","060710005","3","5","ug/m3 LC","28","Crestline","1","100.0000","88502","Acceptable PM2.5 AQI & Speciation Mass","","","40140","Riverside-San Bernardino-Ontario, CA","06","California","071","San Bernardino","34.2431","-117.27235"
"01/28/2025","AirNow","060710005","3","10.3","ug/m3 LC","53","Crestline","1","100.0000","88502","Acceptable PM2.5 AQI & Speciation Mass","","","40140","Riverside-San Bernardino-Ontario, CA","06","California","071","San Bernardino","34.2431","-117.27235"
"01/29/2025","AirNow","060710005","3","13.3","ug/m3 LC","59","Crestline","1","100.0000","88502","Acceptable PM2.5 AQI & Speciation Mass","","","40140","Riverside-San Bernardino-Ontario, CA","06","California","071","San Bernardino","34.2431","-117.27235"
"01/30/2025","AirNow","060710005","3","14.9","ug/m3 LC","62","Crestline","1","100.0000","88502","Acceptable PM2.5 AQI & Speciation Mass","","","40140","Riverside-San Bernardino-Ontario, CA","06","California","071","San Bernardino","34.2431","-117.27235"
"01/31/2025","AirNow","060710005","3","7.6","ug/m3 LC","42","Crestline","1","100.0000","88502","Acceptable PM2.5 AQI & Speciation Mass","","","40140","Riverside-San Bernardino-Ontario, CA","06","California","071","San Bernardino","34.2431","-117.27235"
"02/01/2025","AirNow","060710005","3","11.7","ug/m3 LC","56","Crestline","1","100.0000","88502","Acceptable PM2.5 AQI & Speciation Mass","","","40140","Riverside-San Bernardino-Ontario, CA","06","California","071","San Bernardino","34.2431","-117.27235"
"02/02/2025","AirNow","060710005","3","5.6","ug/m3 LC","31","Crestline","1","100.0000","88502","Acceptable PM2.5 AQI & Speciation Mass","","","40140","Riverside-San Bernardino-Ontario, CA","06","California","071","San Bernardino","34.2431","-117.27235"
"02/03/2025","AirNow","060710005","3","1.9","ug/m3 LC","11","Crestline","1","100.0000","88502","Acceptable PM2.5 AQI & Speciation Mass","","","40140","Riverside-San Bernardino-Ontario, CA","06","California","071","San Bernardino","34.2431","-117.27235"
"02/04/2025","AirNow","060710005","3","8.2","ug/m3 LC","46","Crestline","1","100.0000","88502","Acceptable PM2.5 AQI & Speciation Mass","","","40140","Riverside-San Bernardino-Ontario, CA","06","California","071","San Bernardino","34.2431","-117.27235"
"02/05/2025","AirNow","060710005","3","1.1","ug/m3 LC","6","Crestline","1","100.0000","88502","Acceptable PM2.5 AQI & Speciation Mass","","","40140","Riverside-San Bernardino-Ontario, CA","06","California","071","San Bernardino","34.2431","-117.27235"
"02/06/2025","AirNow","060710005","3","1.1","ug/m3 LC","6","Crestline","1","100.0000","88502","Acceptable PM2.5 AQI & Speciation Mass","","","40140","Riverside-San Bernardino-Ontario, CA","06","California","071","San Bernardino","34.2431","-117.27235"
"02/07/2025","AirNow","060710005","3","1.7","ug/m3 LC","9","Crestline","1","100.0000","88502","Acceptable PM2.5 AQI & Speciation Mass","","","40140","Riverside-San Bernardino-Ontario, CA","06","California","071","San Bernardino","34.2431","-117.27235"
"02/08/2025","AirNow","060710005","3","6.5","ug/m3 LC","36","Crestline","1","100.0000","88502","Acceptable PM2.5 AQI & Speciation Mass","","","40140","Riverside-San Bernardino-Ontario, CA","06","California","071","San Bernardino","34.2431","-117.27235"
"02/09/2025","AirNow","060710005","3","6.3","ug/m3 LC","35","Crestline","1","100.0000","88502","Acceptable PM2.5 AQI & Speciation Mass","","","40140","Riverside-San Bernardino-Ontario, CA","06","California","071","San Bernardino","34.2431","-117.27235"
"02/10/2025","AirNow","060710005","3","4.4","ug/m3 LC","24","Crestline","1","100.0000","88502","Acceptable PM2.5 AQI & Speciation Mass","","","40140","Riverside-San Bernardino-Ontario, CA","06","California","071","San Bernardino","34.2431","-117.27235"
"02/11/2025","AirNow","060710005","3","5.7","ug/m3 LC","32","Crestline","1","100.0000","88502","Acceptable PM2.5 AQI & Speciation Mass","","","40140","Riverside-San Bernardino-Ontario, CA","06","California","071","San Bernardino","34.2431","-117.27235"
"02/12/2025","AirNow","060710005","3","2.3","ug/m3 LC","13","Crestline","1","100.0000","88502","Acceptable PM2.5 AQI & Speciation Mass","","","40140","Riverside-San Bernardino-Ontario, CA","06","California","071","San Bernardino","34.2431","-117.27235"
"02/13/2025","AirNow","060710005","3","0.1","ug/m3 LC","1","Crestline","1","100.0000","88502","Acceptable PM2.5 AQI & Speciation Mass","","","40140","Riverside-San Bernardino-Ontario, CA","06","California","071","San Bernardino","34.2431","-117.27235"
"02/14/2025","AirNow","060710005","3","1.6","ug/m3 LC","9","Crestline","1","100.0000","88502","Acceptable PM2.5 AQI & Speciation Mass","","","40140","Riverside-San Bernardino-Ontario, CA","06","California","071","San Bernardino","34.2431","-117.27235"
"02/15/2025","AirNow","060710005","3","1.4","ug/m3 LC","8","Crestline","1","100.0000","88502","Acceptable PM2.5 AQI & Speciation Mass","","","40140","Riverside-San Bernardino-Ontario, CA","06","California","071","San Bernardino","34.2431","-117.27235"
"02/16/2025","AirNow","060710005","3","7.4","ug/m3 LC","41","Crestline","1","100.0000","88502","Acceptable PM2.5 AQI & Speciation Mass","","","40140","Riverside-San Bernardino-Ontario, CA","06","California","071","San Bernardino","34.2431","-117.27235"
"02/17/2025","AirNow","060710005","3","7.7","ug/m3 LC","43","Crestline","1","100.0000","88502","Acceptable PM2.5 AQI & Speciation Mass","","","40140","Riverside-San Bernardino-Ontario, CA","06","California","071","San Bernardino","34.2431","-117.27235"
"02/18/2025","AirNow","060710005","3","5.2","ug/m3 LC","29","Crestline","1","100.0000","88502","Acceptable PM2.5 AQI & Speciation Mass","","","40140","Riverside-San Bernardino-Ontario, CA","06","California","071","San Bernardino","34.2431","-117.27235"
"02/19/2025","AirNow","060710005","3","5.1","ug/m3 LC","28","Crestline","1","100.0000","88502","Acceptable PM2.5 AQI & Speciation Mass","","","40140","Riverside-San Bernardino-Ontario, CA","06","California","071","San Bernardino","34.2431","-117.27235"
"02/20/2025","AirNow","060710005","3","3.1","ug/m3 LC","17","Crestline","1","100.0000","88502","Acceptable PM2.5 AQI & Speciation Mass","","","40140","Riverside-San Bernardino-Ontario, CA","06","California","071","San Bernardino","34.2431","-117.27235"
"02/21/2025","AirNow","060710005","3","0.7","ug/m3 LC","4","Crestline","1","100.0000","88502","Acceptable PM2.5 AQI & Speciation Mass","","","40140","Riverside-San Bernardino-Ontario, CA","06","California","071","San Bernardino","34.2431","-117.27235"
"02/22/2025","AirNow","060710005","3","5.1","ug/m3 LC","28","Crestline","1","100.0000","88502","Acceptable PM2.5 AQI & Speciation Mass","","","40140","Riverside-San Bernardino-Ontario, CA","06","California","071","San Bernardino","34.2431","-117.27235"
"02/23/2025","AirNow","060710005","3","4.1","ug/m3 LC","23","Crestline","1","100.0000","88502","Acceptable PM2.5 AQI & Speciation Mass","","","40140","Riverside-San Bernardino-Ontario, CA","06","California","071","San Bernardino","34.2431","-117.27235"
"02/24/2025","AirNow","060710005","3","3.1","ug/m3 LC","17","Crestline","1","100.0000","88502","Acceptable PM2.5 AQI & Speciation Mass","","","40140","Riverside-San Bernardino-Ontario, CA","06","California","071","San Bernardino","34.2431","-117.27235"
"02/27/2025","AirNow","060710005","3","2.3","ug/m3 LC","13","Crestline","1","100.0000","88502","Acceptable PM2.5 AQI & Speciation Mass","","","40140","Riverside-San Bernardino-Ontario, CA","06","California","071","San Bernardino","34.2431","-117.27235"
"02/28/2025","AirNow","060710005","3","5.5","ug/m3 LC","31","Crestline","1","100.0000","88502","Acceptable PM2.5 AQI & Speciation Mass","","","40140","Riverside-San Bernardino-Ontario, CA","06","California","071","San Bernardino","34.2431","-117.27235"
"03/01/2025","AirNow","060710005","3","8.9","ug/m3 LC","49","Crestline","1","100.0000","88502","Acceptable PM2.5 AQI & Speciation Mass","","","40140","Riverside-San Bernardino-Ontario, CA","06","California","071","San Bernardino","34.2431","-117.27235"
"03/02/2025","AirNow","060710005","3","4","ug/m3 LC","22","Crestline","1","100.0000","88502","Acceptable PM2.5 AQI & Speciation Mass","","","40140","Riverside-San Bernardino-Ontario, CA","06","California","071","San Bernardino","34.2431","-117.27235"
"03/03/2025","AirNow","060710005","3","5.9","ug/m3 LC","33","Crestline","1","100.0000","88502","Acceptable PM2.5 AQI & Speciation Mass","","","40140","Riverside-San Bernardino-Ontario, CA","06","California","071","San Bernardino","34.2431","-117.27235"
"03/04/2025","AirNow","060710005","3","4.8","ug/m3 LC","27","Crestline","1","100.0000","88502","Acceptable PM2.5 AQI & Speciation Mass","","","40140","Riverside-San Bernardino-Ontario, CA","06","California","071","San Bernardino","34.2431","-117.27235"
"03/05/2025","AirNow","060710005","3","4.1","ug/m3 LC","23","Crestline","1","100.0000","88502","Acceptable PM2.5 AQI & Speciation Mass","","","40140","Riverside-San Bernardino-Ontario, CA","06","California","071","San Bernardino","34.2431","-117.27235"
"03/06/2025","AirNow","060710005","3","2.6","ug/m3 LC","14","Crestline","1","100.0000","88502","Acceptable PM2.5 AQI & Speciation Mass","","","40140","Riverside-San Bernardino-Ontario, CA","06","California","071","San Bernardino","34.2431","-117.27235"
"01/01/2025","AirNow","060710027","3","37.7","ug/m3 LC","106","Ontario-Route 60 Near Road","1","100.0000","88101","PM2.5 - Local Conditions","","","40140","Riverside-San Bernardino-Ontario, CA","06","California","071","San Bernardino","34.030833","-117.61722"
"01/02/2025","AirNow","060710027","3","19.1","ug/m3 LC","70","Ontario-Route 60 Near Road","1","100.0000","88101","PM2.5 - Local Conditions","","","40140","Riverside-San Bernardino-Ontario, CA","06","California","071","San Bernardino","34.030833","-117.61722"
"01/03/2025","AirNow","060710027","3","25.7","ug/m3 LC","82","Ontario-Route 60 Near Road","1","100.0000","88101","PM2.5 - Local Conditions","","","40140","Riverside-San Bernardino-Ontario, CA","06","California","071","San Bernardino","34.030833","-117.61722"
"01/04/2025","AirNow","060710027","3","40.6","ug/m3 LC","114","Ontario-Route 60 Near Road","1","100.0000","88101","PM2.5 - Local Conditions","","","40140","Riverside-San Bernardino-Ontario, CA","06","California","071","San Bernardino","34.030833","-117.61722"
"01/05/2025","AirNow","060710027","3","15.8","ug/m3 LC","63","Ontario-Route 60 Near Road","1","100.0000","88101","PM2.5 - Local Conditions","","","40140","Riverside-San Bernardino-Ontario, CA","06","California","071","San Bernardino","34.030833","-117.61722"
"01/06/2025","AirNow","060710027","3","10.9","ug/m3 LC","54","Ontario-Route 60 Near Road","1","100.0000","88101","PM2.5 - Local Conditions","","","40140","Riverside-San Bernardino-Ontario, CA","06","California","071","San Bernardino","34.030833","-117.61722"
"01/07/2025","AirNow","060710027","3","11.4","ug/m3 LC","55","Ontario-Route 60 Near Road","1","100.0000","88101","PM2.5 - Local Conditions","","","40140","Riverside-San Bernardino-Ontario, CA","06","California","071","San Bernardino","34.030833","-117.61722"
"01/08/2025","AirNow","060710027","3","6.9","ug/m3 LC","38","Ontario-Route 60 Near Road","1","100.0000","88101","PM2.5 - Local Conditions","","","40140","Riverside-San Bernardino-Ontario, CA","06","California","071","San Bernardino","34.030833","-117.61722"
"01/09/2025","AirNow","060710027","3","9.8","ug/m3 LC","52","Ontario-Route 60 Near Road","1","100.0000","88101","PM2.5 - Local Conditions","","","40140","Riverside-San Bernardino-Ontario, CA","06","California","071","San Bernardino","34.030833","-117.61722"
"01/10/2025","AirNow","060710027","3","19.7","ug/m3 LC","71","Ontario-Route 60 Near Road","1","100.0000","88101","PM2.5 - Local Conditions","","","40140","Riverside-San Bernardino-Ontario, CA","06","California","071","San Bernardino","34.030833","-117.61722"
"01/11/2025","AirNow","060710027","3","22","ug/m3 LC","75","Ontario-Route 60 Near Road","1","100.0000","88101","PM2.5 - Local Conditions","","","40140","Riverside-San Bernardino-Ontario, CA","06","California","071","San Bernardino","34.030833","-117.61722"
"01/12/2025","AirNow","060710027","3","2.4","ug/m3 LC","13","Ontario-Route 60 Near Road","1","100.0000","88101","PM2.5 - Local Conditions","","","40140","Riverside-San Bernardino-Ontario, CA","06","California","071","San Bernardino","34.030833","-117.61722"
"01/13/2025","AirNow","060710027","3","1.3","ug/m3 LC","7","Ontario-Route 60 Near Road","1","100.0000","88101","PM2.5 - Local Conditions","","","40140","Riverside-San Bernardino-Ontario, CA","06","California","071","San Bernardino","34.030833","-117.61722"
"01/14/2025","AirNow","060710027","3","6","ug/m3 LC","33","Ontario-Route 60 Near Road","1","100.0000","88101","PM2.5 - Local Conditions","","","40140","Riverside-San Bernardino-Ontario, CA","06","California","071","San Bernardino","34.030833","-117.61722"
"01/15/2025","AirNow","060710027","3","5.7","ug/m3 LC","32","Ontario-Route 60 Near Road","1","100.0000","88101","PM2.5 - Local Conditions","","","40140","Riverside-San Bernardino-Ontario, CA","06","California","071","San Bernardino","34.030833","-117.61722"
"01/16/2025","AirNow","060710027","3","9.3","ug/m3 LC","51","Ontario-Route 60 Near Road","1","100.0000","88101","PM2.5 - Local Conditions","","","40140","Riverside-San Bernardino-Ontario, CA","06","California","071","San Bernardino","34.030833","-117.61722"
"01/17/2025","AirNow","060710027","3","11.3","ug/m3 LC","55","Ontario-Route 60 Near Road","1","100.0000","88101","PM2.5 - Local Conditions","","","40140","Riverside-San Bernardino-Ontario, CA","06","California","071","San Bernardino","34.030833","-117.61722"
"01/18/2025","AirNow","060710027","3","18.8","ug/m3 LC","69","Ontario-Route 60 Near Road","1","100.0000","88101","PM2.5 - Local Conditions","","","40140","Riverside-San Bernardino-Ontario, CA","06","California","071","San Bernardino","34.030833","-117.61722"
"01/19/2025","AirNow","060710027","3","29.3","ug/m3 LC","89","Ontario-Route 60 Near Road","1","100.0000","88101","PM2.5 - Local Conditions","","","40140","Riverside-San Bernardino-Ontario, CA","06","California","071","San Bernardino","34.030833","-117.61722"
"01/20/2025","AirNow","060710027","3","14.7","ug/m3 LC","61","Ontario-Route 60 Near Road","1","100.0000","88101","PM2.5 - Local Conditions","","","40140","Riverside-San Bernardino-Ontario, CA","06","California","071","San Bernardino","34.030833","-117.61722"
"01/21/2025","AirNow","060710027","3","10","ug/m3 LC","53","Ontario-Route 60 Near Road","1","100.0000","88101","PM2.5 - Local Conditions","","","40140","Riverside-San Bernardino-Ontario, CA","06","California","071","San Bernardino","34.030833","-117.61722"
"01/22/2025","AirNow","060710027","3","7.1","ug/m3 LC","39","Ontario-Route 60 Near Road","1","100.0000","88101","PM2.5 - Local Conditions","","","40140","Riverside-San Bernardino-Ontario, CA","06","California","071","San Bernardino","34.030833","-117.61722"
"01/23/2025","AirNow","060710027","3","3.1","ug/m3 LC","17","Ontario-Route 60 Near Road","1","100.0000","88101","PM2.5 - Local Conditions","","","40140","Riverside-San Bernardino-Ontario, CA","06","California","071","San Bernardino","34.030833","-117.61722"
"01/24/2025","AirNow","060710027","3","9.1","ug/m3 LC","51","Ontario-Route 60 Near Road","1","100.0000","88101","PM2.5 - Local Conditions","","","40140","Riverside-San Bernardino-Ontario, CA","06","California","071","San Bernardino","34.030833","-117.61722"
"01/25/2025","AirNow","060710027","3","14.8","ug/m3 LC","62","Ontario-Route 60 Near Road","1","100.0000","88101","PM2.5 - Local Conditions","","","40140","Riverside-San Bernardino-Ontario, CA","06","California","071","San Bernardino","34.030833","-117.61722"
"01/26/2025","AirNow","060710027","3","6.9","ug/m3 LC","38","Ontario-Route 60 Near Road","1","100.0000","88101","PM2.5 - Local Conditions","","","40140","Riverside-San Bernardino-Ontario, CA","06","California","071","San Bernardino","34.030833","-117.61722"
"01/27/2025","AirNow","060710027","3","7.4","ug/m3 LC","41","Ontario-Route 60 Near Road","1","100.0000","88101","PM2.5 - Local Conditions","","","40140","Riverside-San Bernardino-Ontario, CA","06","California","071","San Bernardino","34.030833","-117.61722"
"01/28/2025","AirNow","060710027","3","13.9","ug/m3 LC","60","Ontario-Route 60 Near Road","1","100.0000","88101","PM2.5 - Local Conditions","","","40140","Riverside-San Bernardino-Ontario, CA","06","California","071","San Bernardino","34.030833","-117.61722"
"01/29/2025","AirNow","060710027","3","17.2","ug/m3 LC","66","Ontario-Route 60 Near Road","1","100.0000","88101","PM2.5 - Local Conditions","","","40140","Riverside-San Bernardino-Ontario, CA","06","California","071","San Bernardino","34.030833","-117.61722"
"01/30/2025","AirNow","060710027","3","20.7","ug/m3 LC","73","Ontario-Route 60 Near Road","1","100.0000","88101","PM2.5 - Local Conditions","","","40140","Riverside-San Bernardino-Ontario, CA","06","California","071","San Bernardino","34.030833","-117.61722"
"01/31/2025","AirNow","060710027","3","26.6","ug/m3 LC","84","Ontario-Route 60 Near Road","1","100.0000","88101","PM2.5 - Local Conditions","","","40140","Riverside-San Bernardino-Ontario, CA","06","California","071","San Bernardino","34.030833","-117.61722"
"02/01/2025","AirNow","060710027","3","29","ug/m3 LC","88","Ontario-Route 60 Near Road","1","100.0000","88101","PM2.5 - Local Conditions","","","40140","Riverside-San Bernardino-Ontario, CA","06","California","071","San Bernardino","34.030833","-117.61722"
"02/02/2025","AirNow","060710027","3","30","ug/m3 LC","90","Ontario-Route 60 Near Road","1","100.0000","88101","PM2.5 - Local Conditions","","","40140","Riverside-San Bernardino-Ontario, CA","06","California","071","San Bernardino","34.030833","-117.61722"
"02/03/2025","AirNow","060710027","3","27","ug/m3 LC","84","Ontario-Route 60 Near Road","1","100.0000","88101","PM2.5 - Local Conditions","","","40140","Riverside-San Bernardino-Ontario, CA","06","California","071","San Bernardino","34.030833","-117.61722"
"02/04/2025","AirNow","060710027","3","12.1","ug/m3 LC","57","Ontario-Route 60 Near Road","1","100.0000","88101","PM2.5 - Local Conditions","","","40140","Riverside-San Bernardino-Ontario, CA","06","California","071","San Bernardino","34.030833","-117.61722"
"02/05/2025","AirNow","060710027","3","8.1","ug/m3 LC","45","Ontario-Route 60 Near Road","1","100.0000","88101","PM2.5 - Local Conditions","","","40140","Riverside-San Bernardino-Ontario, CA","06","California","071","San Bernardino","34.030833","-117.61722"
"02/06/2025","AirNow","060710027","3","8.5","ug/m3 LC","47","Ontario-Route 60 Near Road","1","100.0000","88101","PM2.5 - Local Conditions","","","40140","Riverside-San Bernardino-Ontario, CA","06","California","071","San Bernardino","34.030833","-117.61722"
"02/07/2025","AirNow","060710027","3","6","ug/m3 LC","33","Ontario-Route 60 Near Road","1","100.0000","88101","PM2.5 - Local Conditions","","","40140","Riverside-San Bernardino-Ontario, CA","06","California","071","San Bernardino","34.030833","-117.61722"
"02/08/2025","AirNow","060710027","3","11.7","ug/m3 LC","56","Ontario-Route 60 Near Road","1","100.0000","88101","PM2.5 - Local Conditions","","","40140","Riverside-San Bernardino-Ontario, CA","06","California","071","San Bernardino","34.030833","-117.61722"
"02/09/2025","AirNow","060710027","3","14.6","ug/m3 LC","61","Ontario-Route 60 Near Road","1","100.0000","88101","PM2.5 - Local Conditions","","","40140","Riverside-San Bernardino-Ontario, CA","06","California","071","San Bernardino","34.030833","-117.61722"
"02/10/2025","AirNow","060710027","3","13","ug/m3 LC","58","Ontario-Route 60 Near Road","1","100.0000","88101","PM2.5 - Local Conditions","","","40140","Riverside-San Bernardino-Ontario, CA","06","California","071","San Bernardino","34.030833","-117.61722"
"02/11/2025","AirNow","060710027","3","8","ug/m3 LC","44","Ontario-Route 60 Near Road","1","100.0000","88101","PM2.5 - Local Conditions","","","40140","Riverside-San Bernardino-Ontario, CA","06","California","071","San Bernardino","34.030833","-117.61722"
"02/12/2025","AirNow","060710027","3","6.3","ug/m3 LC","35","Ontario-Route 60 Near Road","1","100.0000","88101","PM2.5 - Local Conditions","","","40140","Riverside-San Bernardino-Ontario, CA","06","California","071","San Bernardino","34.030833","-117.61722"
"02/13/2025","AirNow","060710027","3","5","ug/m3 LC","28","Ontario-Route 60 Near Road","1","100.0000","88101","PM2.5 - Local Conditions","","","40140","Riverside-San Bernardino-Ontario, CA","06","California","071","San Bernardino","34.030833","-117.61722"
"02/14/2025","AirNow","060710027","3","7.1","ug/m3 LC","39","Ontario-Route 60 Near Road","1","100.0000","88101","PM2.5 - Local Conditions","","","40140","Riverside-San Bernardino-Ontario, CA","06","California","071","San Bernardino","34.030833","-117.61722"
"02/15/2025","AirNow","060710027","3","10.4","ug/m3 LC","53","Ontario-Route 60 Near Road","1","100.0000","88101","PM2.5 - Local Conditions","","","40140","Riverside-San Bernardino-Ontario, CA","06","California","071","San Bernardino","34.030833","-117.61722"
"02/16/2025","AirNow","060710027","3","11","ug/m3 LC","55","Ontario-Route 60 Near Road","1","100.0000","88101","PM2.5 - Local Conditions","","","40140","Riverside-San Bernardino-Ontario, CA","06","California","071","San Bernardino","34.030833","-117.61722"
"02/17/2025","AirNow","060710027","3","16.2","ug/m3 LC","64","Ontario-Route 60 Near Road","1","100.0000","88101","PM2.5 - Local Conditions","","","40140","Riverside-San Bernardino-Ontario, CA","06","California","071","San Bernardino","34.030833","-117.61722"
"02/18/2025","AirNow","060710027","3","12.7","ug/m3 LC","58","Ontario-Route 60 Near Road","1","100.0000","88101","PM2.5 - Local Conditions","","","40140","Riverside-San Bernardino-Ontario, CA","06","California","071","San Bernardino","34.030833","-117.61722"
"02/19/2025","AirNow","060710027","3","16.7","ug/m3 LC","65","Ontario-Route 60 Near Road","1","100.0000","88101","PM2.5 - Local Conditions","","","40140","Riverside-San Bernardino-Ontario, CA","06","California","071","San Bernardino","34.030833","-117.61722"
"02/20/2025","AirNow","060710027","3","18.4","ug/m3 LC","68","Ontario-Route 60 Near Road","1","100.0000","88101","PM2.5 - Local Conditions","","","40140","Riverside-San Bernardino-Ontario, CA","06","California","071","San Bernardino","34.030833","-117.61722"
"02/21/2025","AirNow","060710027","3","7.7","ug/m3 LC","43","Ontario-Route 60 Near Road","1","100.0000","88101","PM2.5 - Local Conditions","","","40140","Riverside-San Bernardino-Ontario, CA","06","California","071","San Bernardino","34.030833","-117.61722"
"02/22/2025","AirNow","060710027","3","11.1","ug/m3 LC","55","Ontario-Route 60 Near Road","1","100.0000","88101","PM2.5 - Local Conditions","","","40140","Riverside-San Bernardino-Ontario, CA","06","California","071","San Bernardino","34.030833","-117.61722"
"02/23/2025","AirNow","060710027","3","14.3","ug/m3 LC","61","Ontario-Route 60 Near Road","1","100.0000","88101","PM2.5 - Local Conditions","","","40140","Riverside-San Bernardino-Ontario, CA","06","California","071","San Bernardino","34.030833","-117.61722"
"02/24/2025","AirNow","060710027","3","17.7","ug/m3 LC","67","Ontario-Route 60 Near Road","1","100.0000","88101","PM2.5 - Local Conditions","","","40140","Riverside-San Bernardino-Ontario, CA","06","California","071","San Bernardino","34.030833","-117.61722"
"02/25/2025","AirNow","060710027","3","17.4","ug/m3 LC","66","Ontario-Route 60 Near Road","1","100.0000","88101","PM2.5 - Local Conditions","","","40140","Riverside-San Bernardino-Ontario, CA","06","California","071","San Bernardino","34.030833","-117.61722"
"02/26/2025","AirNow","060710027","3","16","ug/m3 LC","64","Ontario-Route 60 Near Road","1","100.0000","88101","PM2.5 - Local Conditions","","","40140","Riverside-San Bernardino-Ontario, CA","06","California","071","San Bernardino","34.030833","-117.61722"
"02/27/2025","AirNow","060710027","3","4","ug/m3 LC","22","Ontario-Route 60 Near Road","1","100.0000","88101","PM2.5 - Local Conditions","","","40140","Riverside-San Bernardino-Ontario, CA","06","California","071","San Bernardino","34.030833","-117.61722"
"02/28/2025","AirNow","060710027","3","10.5","ug/m3 LC","54","Ontario-Route 60 Near Road","1","100.0000","88101","PM2.5 - Local Conditions","","","40140","Riverside-San Bernardino-Ontario, CA","06","California","071","San Bernardino","34.030833","-117.61722"
"03/01/2025","AirNow","060710027","3","9.7","ug/m3 LC","52","Ontario-Route 60 Near Road","1","100.0000","88101","PM2.5 - Local Conditions","","","40140","Riverside-San Bernardino-Ontario, CA","06","California","071","San Bernardino","34.030833","-117.61722"
"03/02/2025","AirNow","060710027","3","6.8","ug/m3 LC","38","Ontario-Route 60 Near Road","1","100.0000","88101","PM2.5 - Local Conditions","","","40140","Riverside-San Bernardino-Ontario, CA","06","California","071","San Bernardino","34.030833","-117.61722"
"03/03/2025","AirNow","060710027","3","4.4","ug/m3 LC","24","Ontario-Route 60 Near Road","1","100.0000","88101","PM2.5 - Local Conditions","","","40140","Riverside-San Bernardino-Ontario, CA","06","California","071","San Bernardino","34.030833","-117.61722"
"03/04/2025","AirNow","060710027","3","10.4","ug/m3 LC","53","Ontario-Route 60 Near Road","1","100.0000","88101","PM2.5 - Local Conditions","","","40140","Riverside-San Bernardino-Ontario, CA","06","California","071","San Bernardino","34.030833","-117.61722"
"03/05/2025","AirNow","060710027","3","14.9","ug/m3 LC","62","Ontario-Route 60 Near Road","1","100.0000","88101","PM2.5 - Local Conditions","","","40140","Riverside-San Bernardino-Ontario, CA","06","California","071","San Bernardino","34.030833","-117.61722"
"03/06/2025","AirNow","060710027","3","6.2","ug/m3 LC","34","Ontario-Route 60 Near Road","1","100.0000","88101","PM2.5 - Local Conditions","","","40140","Riverside-San Bernardino-Ontario, CA","06","California","071","San Bernardino","34.030833","-117.61722"
"01/01/2025","AirNow","060710306","1","20.2","ug/m3 LC","72","Victorville-Park Avenue","1","100.0000","88101","PM2.5 - Local Conditions","","","40140","Riverside-San Bernardino-Ontario, CA","06","California","071","San Bernardino","34.5109611108812","-117.32554"
"01/02/2025","AirNow","060710306","1","12.5","ug/m3 LC","57","Victorville-Park Avenue","1","100.0000","88101","PM2.5 - Local Conditions","","","40140","Riverside-San Bernardino-Ontario, CA","06","California","071","San Bernardino","34.5109611108812","-117.32554"
"01/03/2025","AirNow","060710306","1","12","ug/m3 LC","56","Victorville-Park Avenue","1","100.0000","88101","PM2.5 - Local Conditions","","","40140","Riverside-San Bernardino-Ontario, CA","06","California","071","San Bernardino","34.5109611108812","-117.32554"
"01/04/2025","AirNow","060710306","1","6.8","ug/m3 LC","38","Victorville-Park Avenue","1","100.0000","88101","PM2.5 - Local Conditions","","","40140","Riverside-San Bernardino-Ontario, CA","06","California","071","San Bernardino","34.5109611108812","-117.32554"
"01/05/2025","AirNow","060710306","1","11","ug/m3 LC","55","Victorville-Park Avenue","1","100.0000","88101","PM2.5 - Local Conditions","","","40140","Riverside-San Bernardino-Ontario, CA","06","California","071","San Bernardino","34.5109611108812","-117.32554"
"01/06/2025","AirNow","060710306","1","7","ug/m3 LC","39","Victorville-Park Avenue","1","100.0000","88101","PM2.5 - Local Conditions","","","40140","Riverside-San Bernardino-Ontario, CA","06","California","071","San Bernardino","34.5109611108812","-117.32554"
"01/07/2025","AirNow","060710306","1","4.2","ug/m3 LC","23","Victorville-Park Avenue","1","100.0000","88101","PM2.5 - Local Conditions","","","40140","Riverside-San Bernardino-Ontario, CA","06","California","071","San Bernardino","34.5109611108812","-117.32554"
"01/08/2025","AirNow","060710306","1","5.3","ug/m3 LC","29","Victorville-Park Avenue","1","100.0000","88101","PM2.5 - Local Conditions","","","40140","Riverside-San Bernardino-Ontario, CA","06","California","071","San Bernardino","34.5109611108812","-117.32554"
"01/09/2025","AirNow","060710306","1","5.5","ug/m3 LC","31","Victorville-Park Avenue","1","100.0000","88101","PM2.5 - Local Conditions","","","40140","Riverside-San Bernardino-Ontario, CA","06","California","071","San Bernardino","34.5109611108812","-117.32554"
"01/13/2025","AirNow","060710306","1","6.6","ug/m3 LC","37","Victorville-Park Avenue","1","100.0000","88101","PM2.5 - Local Conditions","","","40140","Riverside-San Bernardino-Ontario, CA","06","California","071","San Bernardino","34.5109611108812","-117.32554"
"01/14/2025","AirNow","060710306","1","5.2","ug/m3 LC","29","Victorville-Park Avenue","1","100.0000","88101","PM2.5 - Local Conditions","","","40140","Riverside-San Bernardino-Ontario, CA","06","California","071","San Bernardino","34.5109611108812","-117.32554"
"01/15/2025","AirNow","060710306","1","4.3","ug/m3 LC","24","Victorville-Park Avenue","1","100.0000","88101","PM2.5 - Local Conditions","","","40140","Riverside-San Bernardino-Ontario, CA","06","California","071","San Bernardino","34.5109611108812","-117.32554"
"01/16/2025","AirNow","060710306","1","11.5","ug/m3 LC","55","Victorville-Park Avenue","1","100.0000","88101","PM2.5 - Local Conditions","","","40140","Riverside-San Bernardino-Ontario, CA","06","California","071","San Bernardino","34.5109611108812","-117.32554"
"01/17/2025","AirNow","060710306","1","13.5","ug/m3 LC","59","Victorville-Park Avenue","1","100.0000","88101","PM2.5 - Local Conditions","","","40140","Riverside-San Bernardino-Ontario, CA","06","California","071","San Bernardino","34.5109611108812","-117.32554"
"01/18/2025","AirNow","060710306","1","14","ug/m3 LC","60","Victorville-Park Avenue","1","100.0000","88101","PM2.5 - Local Conditions","","","40140","Riverside-San Bernardino-Ontario, CA","06","California","071","San Bernardino","34.5109611108812","-117.32554"
"01/19/2025","AirNow","060710306","1","10.5","ug/m3 LC","54","Victorville-Park Avenue","1","100.0000","88101","PM2.5 - Local Conditions","","","40140","Riverside-San Bernardino-Ontario, CA","06","California","071","San Bernardino","34.5109611108812","-117.32554"
"01/20/2025","AirNow","060710306","1","9.5","ug/m3 LC","52","Victorville-Park Avenue","1","100.0000","88101","PM2.5 - Local Conditions","","","40140","Riverside-San Bernardino-Ontario, CA","06","California","071","San Bernardino","34.5109611108812","-117.32554"
"01/21/2025","AirNow","060710306","1","7.7","ug/m3 LC","43","Victorville-Park Avenue","1","100.0000","88101","PM2.5 - Local Conditions","","","40140","Riverside-San Bernardino-Ontario, CA","06","California","071","San Bernardino","34.5109611108812","-117.32554"
"01/22/2025","AirNow","060710306","1","10","ug/m3 LC","53","Victorville-Park Avenue","1","100.0000","88101","PM2.5 - Local Conditions","","","40140","Riverside-San Bernardino-Ontario, CA","06","California","071","San Bernardino","34.5109611108812","-117.32554"
"01/23/2025","AirNow","060710306","1","5.1","ug/m3 LC","28","Victorville-Park Avenue","1","100.0000","88101","PM2.5 - Local Conditions","","","40140","Riverside-San Bernardino-Ontario, CA","06","California","071","San Bernardino","34.5109611108812","-117.32554"
"01/24/2025","AirNow","060710306","1","9.8","ug/m3 LC","52","Victorville-Park Avenue","1","100.0000","88101","PM2.5 - Local Conditions","","","40140","Riverside-San Bernardino-Ontario, CA","06","California","071","San Bernardino","34.5109611108812","-117.32554"
"01/25/2025","AirNow","060710306","1","15.2","ug/m3 LC","62","Victorville-Park Avenue","1","100.0000","88101","PM2.5 - Local Conditions","","","40140","Riverside-San Bernardino-Ontario, CA","06","California","071","San Bernardino","34.5109611108812","-117.32554"
"01/26/2025","AirNow","060710306","1","3.8","ug/m3 LC","21","Victorville-Park Avenue","1","100.0000","88101","PM2.5 - Local Conditions","","","40140","Riverside-San Bernardino-Ontario, CA","06","California","071","San Bernardino","34.5109611108812","-117.32554"
"01/27/2025","AirNow","060710306","1","7.5","ug/m3 LC","42","Victorville-Park Avenue","1","100.0000","88101","PM2.5 - Local Conditions","","","40140","Riverside-San Bernardino-Ontario, CA","06","California","071","San Bernardino","34.5109611108812","-117.32554"
"01/28/2025","AirNow","060710306","1","10.5","ug/m3 LC","54","Victorville-Park Avenue","1","100.0000","88101","PM2.5 - Local Conditions","","","40140","Riverside-San Bernardino-Ontario, CA","06","California","071","San Bernardino","34.5109611108812","-117.32554"
"01/29/2025","AirNow","060710306","1","12.4","ug/m3 LC","57","Victorville-Park Avenue","1","100.0000","88101","PM2.5 - Local Conditions","","","40140","Riverside-San Bernardino-Ontario, CA","06","California","071","San Bernardino","34.5109611108812","-117.32554"
"01/30/2025","AirNow","060710306","1","17.8","ug/m3 LC","67","Victorville-Park Avenue","1","100.0000","88101","PM2.5 - Local Conditions","","","40140","Riverside-San Bernardino-Ontario, CA","06","California","071","San Bernardino","34.5109611108812","-117.32554"
"01/31/2025","AirNow","060710306","1","14.2","ug/m3 LC","61","Victorville-Park Avenue","1","100.0000","88101","PM2.5 - Local Conditions","","","40140","Riverside-San Bernardino-Ontario, CA","06","California","071","San Bernardino","34.5109611108812","-117.32554"
"02/01/2025","AirNow","060710306","1","7.5","ug/m3 LC","42","Victorville-Park Avenue","1","100.0000","88101","PM2.5 - Local Conditions","","","40140","Riverside-San Bernardino-Ontario, CA","06","California","071","San Bernardino","34.5109611108812","-117.32554"
"02/02/2025","AirNow","060710306","1","12.4","ug/m3 LC","57","Victorville-Park Avenue","1","100.0000","88101","PM2.5 - Local Conditions","","","40140","Riverside-San Bernardino-Ontario, CA","06","California","071","San Bernardino","34.5109611108812","-117.32554"
"02/03/2025","AirNow","060710306","1","7.5","ug/m3 LC","42","Victorville-Park Avenue","1","100.0000","88101","PM2.5 - Local Conditions","","","40140","Riverside-San Bernardino-Ontario, CA","06","California","071","San Bernardino","34.5109611108812","-117.32554"
"02/04/2025","AirNow","060710306","1","8.9","ug/m3 LC","49","Victorville-Park Avenue","1","100.0000","88101","PM2.5 - Local Conditions","","","40140","Riverside-San Bernardino-Ontario, CA","06","California","071","San Bernardino","34.5109611108812","-117.32554"
"02/05/2025","AirNow","060710306","1","3.9","ug/m3 LC","22","Victorville-Park Avenue","1","100.0000","88101","PM2.5 - Local Conditions","","","40140","Riverside-San Bernardino-Ontario, CA","06","California","071","San Bernardino","34.5109611108812","-117.32554"
"02/06/2025","AirNow","060710306","1","2.8","ug/m3 LC","16","Victorville-Park Avenue","1","100.0000","88101","PM2.5 - Local Conditions","","","40140","Riverside-San Bernardino-Ontario, CA","06","California","071","San Bernardino","34.5109611108812","-117.32554"
"02/07/2025","AirNow","060710306","1","2.8","ug/m3 LC","16","Victorville-Park Avenue","1","100.0000","88101","PM2.5 - Local Conditions","","","40140","Riverside-San Bernardino-Ontario, CA","06","California","071","San Bernardino","34.5109611108812","-117.32554"
"02/08/2025","AirNow","060710306","1","4.7","ug/m3 LC","26","Victorville-Park Avenue","1","100.0000","88101","PM2.5 - Local Conditions","","","40140","Riverside-San Bernardino-Ontario, CA","06","California","071","San Bernardino","34.5109611108812","-117.32554"
"02/09/2025","AirNow","060710306","1","7.5","ug/m3 LC","42","Victorville-Park Avenue","1","100.0000","88101","PM2.5 - Local Conditions","","","40140","Riverside-San Bernardino-Ontario, CA","06","California","071","San Bernardino","34.5109611108812","-117.32554"
"02/10/2025","AirNow","060710306","1","8.1","ug/m3 LC","45","Victorville-Park Avenue","1","100.0000","88101","PM2.5 - Local Conditions","","","40140","Riverside-San Bernardino-Ontario, CA","06","California","071","San Bernardino","34.5109611108812","-117.32554"
"02/11/2025","AirNow","060710306","1","6.6","ug/m3 LC","37","Victorville-Park Avenue","1","100.0000","88101","PM2.5 - Local Conditions","","","40140","Riverside-San Bernardino-Ontario, CA","06","California","071","San Bernardino","34.5109611108812","-117.32554"
"02/12/2025","AirNow","060710306","1","4.3","ug/m3 LC","24","Victorville-Park Avenue","1","100.0000","88101","PM2.5 - Local Conditions","","","40140","Riverside-San Bernardino-Ontario, CA","06","California","071","San Bernardino","34.5109611108812","-117.32554"
"02/13/2025","AirNow","060710306","1","2","ug/m3 LC","11","Victorville-Park Avenue","1","100.0000","88101","PM2.5 - Local Conditions","","","40140","Riverside-San Bernardino-Ontario, CA","06","California","071","San Bernardino","34.5109611108812","-117.32554"
"02/14/2025","AirNow","060710306","1","2.9","ug/m3 LC","16","Victorville-Park Avenue","1","100.0000","88101","PM2.5 - Local Conditions","","","40140","Riverside-San Bernardino-Ontario, CA","06","California","071","San Bernardino","34.5109611108812","-117.32554"
"02/15/2025","AirNow","060710306","1","5.2","ug/m3 LC","29","Victorville-Park Avenue","1","100.0000","88101","PM2.5 - Local Conditions","","","40140","Riverside-San Bernardino-Ontario, CA","06","California","071","San Bernardino","34.5109611108812","-117.32554"
"02/16/2025","AirNow","060710306","1","6.5","ug/m3 LC","36","Victorville-Park Avenue","1","100.0000","88101","PM2.5 - Local Conditions","","","40140","Riverside-San Bernardino-Ontario, CA","06","California","071","San Bernardino","34.5109611108812","-117.32554"
"02/17/2025","AirNow","060710306","1","4.7","ug/m3 LC","26","Victorville-Park Avenue","1","100.0000","88101","PM2.5 - Local Conditions","","","40140","Riverside-San Bernardino-Ontario, CA","06","California","071","San Bernardino","34.5109611108812","-117.32554"
"02/18/2025","AirNow","060710306","1","6","ug/m3 LC","33","Victorville-Park Avenue","1","100.0000","88101","PM2.5 - Local Conditions","","","40140","Riverside-San Bernardino-Ontario, CA","06","California","071","San Bernardino","34.5109611108812","-117.32554"
"02/19/2025","AirNow","060710306","1","7","ug/m3 LC","39","Victorville-Park Avenue","1","100.0000","88101","PM2.5 - Local Conditions","","","40140","Riverside-San Bernardino-Ontario, CA","06","California","071","San Bernardino","34.5109611108812","-117.32554"
"02/20/2025","AirNow","060710306","1","8.1","ug/m3 LC","45","Victorville-Park Avenue","1","100.0000","88101","PM2.5 - Local Conditions","","","40140","Riverside-San Bernardino-Ontario, CA","06","California","071","San Bernardino","34.5109611108812","-117.32554"
"02/21/2025","AirNow","060710306","1","7.5","ug/m3 LC","42","Victorville-Park Avenue","1","100.0000","88101","PM2.5 - Local Conditions","","","40140","Riverside-San Bernardino-Ontario, CA","06","California","071","San Bernardino","34.5109611108812","-117.32554"
"02/22/2025","AirNow","060710306","1","8.8","ug/m3 LC","49","Victorville-Park Avenue","1","100.0000","88101","PM2.5 - Local Conditions","","","40140","Riverside-San Bernardino-Ontario, CA","06","California","071","San Bernardino","34.5109611108812","-117.32554"
"02/23/2025","AirNow","060710306","1","7.2","ug/m3 LC","40","Victorville-Park Avenue","1","100.0000","88101","PM2.5 - Local Conditions","","","40140","Riverside-San Bernardino-Ontario, CA","06","California","071","San Bernardino","34.5109611108812","-117.32554"
"02/24/2025","AirNow","060710306","1","7.4","ug/m3 LC","41","Victorville-Park Avenue","1","100.0000","88101","PM2.5 - Local Conditions","","","40140","Riverside-San Bernardino-Ontario, CA","06","California","071","San Bernardino","34.5109611108812","-117.32554"
"02/25/2025","AirNow","060710306","1","4.7","ug/m3 LC","26","Victorville-Park Avenue","1","100.0000","88101","PM2.5 - Local Conditions","","","40140","Riverside-San Bernardino-Ontario, CA","06","California","071","San Bernardino","34.5109611108812","-117.32554"
"02/26/2025","AirNow","060710306","1","7","ug/m3 LC","39","Victorville-Park Avenue","1","100.0000","88101","PM2.5 - Local Conditions","","","40140","Riverside-San Bernardino-Ontario, CA","06","California","071","San Bernardino","34.5109611108812","-117.32554"
"02/27/2025","AirNow","060710306","1","6.1","ug/m3 LC","34","Victorville-Park Avenue","1","100.0000","88101","PM2.5 - Local Conditions","","","40140","Riverside-San Bernardino-Ontario, CA","06","California","071","San Bernardino","34.5109611108812","-117.32554"
"02/28/2025","AirNow","060710306","1","7","ug/m3 LC","39","Victorville-Park Avenue","1","100.0000","88101","PM2.5 - Local Conditions","","","40140","Riverside-San Bernardino-Ontario, CA","06","California","071","San Bernardino","34.5109611108812","-117.32554"
"03/01/2025","AirNow","060710306","1","10.2","ug/m3 LC","53","Victorville-Park Avenue","1","100.0000","88101","PM2.5 - Local Conditions","","","40140","Riverside-San Bernardino-Ontario, CA","06","California","071","San Bernardino","34.5109611108812","-117.32554"
"03/02/2025","AirNow","060710306","1","5.3","ug/m3 LC","29","Victorville-Park Avenue","1","100.0000","88101","PM2.5 - Local Conditions","","","40140","Riverside-San Bernardino-Ontario, CA","06","California","071","San Bernardino","34.5109611108812","-117.32554"
"03/03/2025","AirNow","060710306","1","3.2","ug/m3 LC","18","Victorville-Park Avenue","1","100.0000","88101","PM2.5 - Local Conditions","","","40140","Riverside-San Bernardino-Ontario, CA","06","California","071","San Bernardino","34.5109611108812","-117.32554"
"03/04/2025","AirNow","060710306","1","6.1","ug/m3 LC","34","Victorville-Park Avenue","1","100.0000","88101","PM2.5 - Local Conditions","","","40140","Riverside-San Bernardino-Ontario, CA","06","California","071","San Bernardino","34.5109611108812","-117.32554"
"03/05/2025","AirNow","060710306","1","6.4","ug/m3 LC","36","Victorville-Park Avenue","1","100.0000","88101","PM2.5 - Local Conditions","","","40140","Riverside-San Bernardino-Ontario, CA","06","California","071","San Bernardino","34.5109611108812","-117.32554"
"03/06/2025","AirNow","060710306","1","3","ug/m3 LC","17","Victorville-Park Avenue","1","100.0000","88101","PM2.5 - Local Conditions","","","40140","Riverside-San Bernardino-Ontario, CA","06","California","071","San Bernardino","34.5109611108812","-117.32554"
"01/01/2025","AirNow","060710306","2","20.7","ug/m3 LC","73","Victorville-Park Avenue","1","100.0000","88101","PM2.5 - Local Conditions","","","40140","Riverside-San Bernardino-Ontario, CA","06","California","071","San Bernardino","34.5109611108812","-117.32554"
"01/02/2025","AirNow","060710306","2","12","ug/m3 LC","56","Victorville-Park Avenue","1","100.0000","88101","PM2.5 - Local Conditions","","","40140","Riverside-San Bernardino-Ontario, CA","06","California","071","San Bernardino","34.5109611108812","-117.32554"
"01/03/2025","AirNow","060710306","2","10.9","ug/m3 LC","54","Victorville-Park Avenue","1","100.0000","88101","PM2.5 - Local Conditions","","","40140","Riverside-San Bernardino-Ontario, CA","06","California","071","San Bernardino","34.5109611108812","-117.32554"
"01/04/2025","AirNow","060710306","2","6.7","ug/m3 LC","37","Victorville-Park Avenue","1","100.0000","88101","PM2.5 - Local Conditions","","","40140","Riverside-San Bernardino-Ontario, CA","06","California","071","San Bernardino","34.5109611108812","-117.32554"
"01/05/2025","AirNow","060710306","2","11.1","ug/m3 LC","55","Victorville-Park Avenue","1","100.0000","88101","PM2.5 - Local Conditions","","","40140","Riverside-San Bernardino-Ontario, CA","06","California","071","San Bernardino","34.5109611108812","-117.32554"
"01/06/2025","AirNow","060710306","2","6.2","ug/m3 LC","34","Victorville-Park Avenue","1","100.0000","88101","PM2.5 - Local Conditions","","","40140","Riverside-San Bernardino-Ontario, CA","06","California","071","San Bernardino","34.5109611108812","-117.32554"
"01/07/2025","AirNow","060710306","2","3.9","ug/m3 LC","22","Victorville-Park Avenue","1","100.0000","88101","PM2.5 - Local Conditions","","","40140","Riverside-San Bernardino-Ontario, CA","06","California","071","San Bernardino","34.5109611108812","-117.32554"
"01/08/2025","AirNow","060710306","2","4.5","ug/m3 LC","25","Victorville-Park Avenue","1","100.0000","88101","PM2.5 - Local Conditions","","","40140","Riverside-San Bernardino-Ontario, CA","06","California","071","San Bernardino","34.5109611108812","-117.32554"
"01/09/2025","AirNow","060710306","2","5","ug/m3 LC","28","Victorville-Park Avenue","1","100.0000","88101","PM2.5 - Local Conditions","","","40140","Riverside-San Bernardino-Ontario, CA","06","California","071","San Bernardino","34.5109611108812","-117.32554"
"01/13/2025","AirNow","060710306","2","5.9","ug/m3 LC","33","Victorville-Park Avenue","1","100.0000","88101","PM2.5 - Local Conditions","","","40140","Riverside-San Bernardino-Ontario, CA","06","California","071","San Bernardino","34.5109611108812","-117.32554"
"01/14/2025","AirNow","060710306","2","4.2","ug/m3 LC","23","Victorville-Park Avenue","1","100.0000","88101","PM2.5 - Local Conditions","","","40140","Riverside-San Bernardino-Ontario, CA","06","California","071","San Bernardino","34.5109611108812","-117.32554"
"01/15/2025","AirNow","060710306","2","6.3","ug/m3 LC","35","Victorville-Park Avenue","1","100.0000","88101","PM2.5 - Local Conditions","","","40140","Riverside-San Bernardino-Ontario, CA","06","California","071","San Bernardino","34.5109611108812","-117.32554"
"01/16/2025","AirNow","060710306","2","8.7","ug/m3 LC","48","Victorville-Park Avenue","1","100.0000","88101","PM2.5 - Local Conditions","","","40140","Riverside-San Bernardino-Ontario, CA","06","California","071","San Bernardino","34.5109611108812","-117.32554"
"01/17/2025","AirNow","060710306","2","9.4","ug/m3 LC","52","Victorville-Park Avenue","1","100.0000","88101","PM2.5 - Local Conditions","","","40140","Riverside-San Bernardino-Ontario, CA","06","California","071","San Bernardino","34.5109611108812","-117.32554"
"01/18/2025","AirNow","060710306","2","13.1","ug/m3 LC","58","Victorville-Park Avenue","1","100.0000","88101","PM2.5 - Local Conditions","","","40140","Riverside-San Bernardino-Ontario, CA","06","California","071","San Bernardino","34.5109611108812","-117.32554"
"01/19/2025","AirNow","060710306","2","10.9","ug/m3 LC","54","Victorville-Park Avenue","1","100.0000","88101","PM2.5 - Local Conditions","","","40140","Riverside-San Bernardino-Ontario, CA","06","California","071","San Bernardino","34.5109611108812","-117.32554"
"01/20/2025","AirNow","060710306","2","8.3","ug/m3 LC","46","Victorville-Park Avenue","1","100.0000","88101","PM2.5 - Local Conditions","","","40140","Riverside-San Bernardino-Ontario, CA","06","California","071","San Bernardino","34.5109611108812","-117.32554"
"01/21/2025","AirNow","060710306","2","7.5","ug/m3 LC","42","Victorville-Park Avenue","1","100.0000","88101","PM2.5 - Local Conditions","","","40140","Riverside-San Bernardino-Ontario, CA","06","California","071","San Bernardino","34.5109611108812","-117.32554"
"01/22/2025","AirNow","060710306","2","9.7","ug/m3 LC","52","Victorville-Park Avenue","1","100.0000","88101","PM2.5 - Local Conditions","","","40140","Riverside-San Bernardino-Ontario, CA","06","California","071","San Bernardino","34.5109611108812","-117.32554"
"01/23/2025","AirNow","060710306","2","5.7","ug/m3 LC","32","Victorville-Park Avenue","1","100.0000","88101","PM2.5 - Local Conditions","","","40140","Riverside-San Bernardino-Ontario, CA","06","California","071","San Bernardino","34.5109611108812","-117.32554"
"01/24/2025","AirNow","060710306","2","9.7","ug/m3 LC","52","Victorville-Park Avenue","1","100.0000","88101","PM2.5 - Local Conditions","","","40140","Riverside-San Bernardino-Ontario, CA","06","California","071","San Bernardino","34.5109611108812","-117.32554"
"01/25/2025","AirNow","060710306","2","15","ug/m3 LC","62","Victorville-Park Avenue","1","100.0000","88101","PM2.5 - Local Conditions","","","40140","Riverside-San Bernardino-Ontario, CA","06","California","071","San Bernardino","34.5109611108812","-117.32554"
"01/26/2025","AirNow","060710306","2","3","ug/m3 LC","17","Victorville-Park Avenue","1","100.0000","88101","PM2.5 - Local Conditions","","","40140","Riverside-San Bernardino-Ontario, CA","06","California","071","San Bernardino","34.5109611108812","-117.32554"
"01/27/2025","AirNow","060710306","2","7.9","ug/m3 LC","44","Victorville-Park Avenue","1","100.0000","88101","PM2.5 - Local Conditions","","","40140","Riverside-San Bernardino-Ontario, CA","06","California","071","San Bernardino","34.5109611108812","-117.32554"
"01/28/2025","AirNow","060710306","2","11.4","ug/m3 LC","55","Victorville-Park Avenue","1","100.0000","88101","PM2.5 - Local Conditions","","","40140","Riverside-San Bernardino-Ontario, CA","06","California","071","San Bernardino","34.5109611108812","-117.32554"
"01/29/2025","AirNow","060710306","2","13","ug/m3 LC","58","Victorville-Park Avenue","1","100.0000","88101","PM2.5 - Local Conditions","","","40140","Riverside-San Bernardino-Ontario, CA","06","California","071","San Bernardino","34.5109611108812","-117.32554"
"01/30/2025","AirNow","060710306","2","17.1","ug/m3 LC","66","Victorville-Park Avenue","1","100.0000","88101","PM2.5 - Local Conditions","","","40140","Riverside-San Bernardino-Ontario, CA","06","California","071","San Bernardino","34.5109611108812","-117.32554"
"01/31/2025","AirNow","060710306","2","13.6","ug/m3 LC","59","Victorville-Park Avenue","1","100.0000","88101","PM2.5 - Local Conditions","","","40140","Riverside-San Bernardino-Ontario, CA","06","California","071","San Bernardino","34.5109611108812","-117.32554"
"02/01/2025","AirNow","060710306","2","6.7","ug/m3 LC","37","Victorville-Park Avenue","1","100.0000","88101","PM2.5 - Local Conditions","","","40140","Riverside-San Bernardino-Ontario, CA","06","California","071","San Bernardino","34.5109611108812","-117.32554"
"02/02/2025","AirNow","060710306","2","11.3","ug/m3 LC","55","Victorville-Park Avenue","1","100.0000","88101","PM2.5 - Local Conditions","","","40140","Riverside-San Bernardino-Ontario, CA","06","California","071","San Bernardino","34.5109611108812","-117.32554"
"02/03/2025","AirNow","060710306","2","6.7","ug/m3 LC","37","Victorville-Park Avenue","1","100.0000","88101","PM2.5 - Local Conditions","","","40140","Riverside-San Bernardino-Ontario, CA","06","California","071","San Bernardino","34.5109611108812","-117.32554"
"02/04/2025","AirNow","060710306","2","6.8","ug/m3 LC","38","Victorville-Park Avenue","1","100.0000","88101","PM2.5 - Local Conditions","","","40140","Riverside-San Bernardino-Ontario, CA","06","California","071","San Bernardino","34.5109611108812","-117.32554"
"02/05/2025","AirNow","060710306","2","2.5","ug/m3 LC","14","Victorville-Park Avenue","1","100.0000","88101","PM2.5 - Local Conditions","","","40140","Riverside-San Bernardino-Ontario, CA","06","California","071","San Bernardino","34.5109611108812","-117.32554"
"02/06/2025","AirNow","060710306","2","2.9","ug/m3 LC","16","Victorville-Park Avenue","1","100.0000","88101","PM2.5 - Local Conditions","","","40140","Riverside-San Bernardino-Ontario, CA","06","California","071","San Bernardino","34.5109611108812","-117.32554"
"02/07/2025","AirNow","060710306","2","2.3","ug/m3 LC","13","Victorville-Park Avenue","1","100.0000","88101","PM2.5 - Local Conditions","","","40140","Riverside-San Bernardino-Ontario, CA","06","California","071","San Bernardino","34.5109611108812","-117.32554"
"02/08/2025","AirNow","060710306","2","4.2","ug/m3 LC","23","Victorville-Park Avenue","1","100.0000","88101","PM2.5 - Local Conditions","","","40140","Riverside-San Bernardino-Ontario, CA","06","California","071","San Bernardino","34.5109611108812","-117.32554"
"02/09/2025","AirNow","060710306","2","7.4","ug/m3 LC","41","Victorville-Park Avenue","1","100.0000","88101","PM2.5 - Local Conditions","","","40140","Riverside-San Bernardino-Ontario, CA","06","California","071","San Bernardino","34.5109611108812","-117.32554"
"02/10/2025","AirNow","060710306","2","6.5","ug/m3 LC","36","Victorville-Park Avenue","1","100.0000","88101","PM2.5 - Local Conditions","","","40140","Riverside-San Bernardino-Ontario, CA","06","California","071","San Bernardino","34.5109611108812","-117.32554"
"02/11/2025","AirNow","060710306","2","6","ug/m3 LC","33","Victorville-Park Avenue","1","100.0000","88101","PM2.5 - Local Conditions","","","40140","Riverside-San Bernardino-Ontario, CA","06","California","071","San Bernardino","34.5109611108812","-117.32554"
"02/12/2025","AirNow","060710306","2","3.2","ug/m3 LC","18","Victorville-Park Avenue","1","100.0000","88101","PM2.5 - Local Conditions","","","40140","Riverside-San Bernardino-Ontario, CA","06","California","071","San Bernardino","34.5109611108812","-117.32554"
"02/13/2025","AirNow","060710306","2","2.5","ug/m3 LC","14","Victorville-Park Avenue","1","100.0000","88101","PM2.5 - Local Conditions","","","40140","Riverside-San Bernardino-Ontario, CA","06","California","071","San Bernardino","34.5109611108812","-117.32554"
"02/14/2025","AirNow","060710306","2","3.5","ug/m3 LC","19","Victorville-Park Avenue","1","100.0000","88101","PM2.5 - Local Conditions","","","40140","Riverside-San Bernardino-Ontario, CA","06","California","071","San Bernardino","34.5109611108812","-117.32554"
"02/15/2025","AirNow","060710306","2","6.2","ug/m3 LC","34","Victorville-Park Avenue","1","100.0000","88101","PM2.5 - Local Conditions","","","40140","Riverside-San Bernardino-Ontario, CA","06","California","071","San Bernardino","34.5109611108812","-117.32554"
"02/16/2025","AirNow","060710306","2","6.5","ug/m3 LC","36","Victorville-Park Avenue","1","100.0000","88101","PM2.5 - Local Conditions","","","40140","Riverside-San Bernardino-Ontario, CA","06","California","071","San Bernardino","34.5109611108812","-117.32554"
"02/17/2025","AirNow","060710306","2","4.5","ug/m3 LC","25","Victorville-Park Avenue","1","100.0000","88101","PM2.5 - Local Conditions","","","40140","Riverside-San Bernardino-Ontario, CA","06","California","071","San Bernardino","34.5109611108812","-117.32554"
"02/18/2025","AirNow","060710306","2","4.3","ug/m3 LC","24","Victorville-Park Avenue","1","100.0000","88101","PM2.5 - Local Conditions","","","40140","Riverside-San Bernardino-Ontario, CA","06","California","071","San Bernardino","34.5109611108812","-117.32554"
"02/19/2025","AirNow","060710306","2","5.5","ug/m3 LC","31","Victorville-Park Avenue","1","100.0000","88101","PM2.5 - Local Conditions","","","40140","Riverside-San Bernardino-Ontario, CA","06","California","071","San Bernardino","34.5109611108812","-117.32554"
"02/20/2025","AirNow","060710306","2","7.4","ug/m3 LC","41","Victorville-Park Avenue","1","100.0000","88101","PM2.5 - Local Conditions","","","40140","Riverside-San Bernardino-Ontario, CA","06","California","071","San Bernardino","34.5109611108812","-117.32554"
"02/21/2025","AirNow","060710306","2","6","ug/m3 LC","33","Victorville-Park Avenue","1","100.0000","88101","PM2.5 - Local Conditions","","","40140","Riverside-San Bernardino-Ontario, CA","06","California","071","San Bernardino","34.5109611108812","-117.32554"
"02/22/2025","AirNow","060710306","2","8","ug/m3 LC","44","Victorville-Park Avenue","1","100.0000","88101","PM2.5 - Local Conditions","","","40140","Riverside-San Bernardino-Ontario, CA","06","California","071","San Bernardino","34.5109611108812","-117.32554"
"02/23/2025","AirNow","060710306","2","6.7","ug/m3 LC","37","Victorville-Park Avenue","1","100.0000","88101","PM2.5 - Local Conditions","","","40140","Riverside-San Bernardino-Ontario, CA","06","California","071","San Bernardino","34.5109611108812","-117.32554"
"02/24/2025","AirNow","060710306","2","6.4","ug/m3 LC","36","Victorville-Park Avenue","1","100.0000","88101","PM2.5 - Local Conditions","","","40140","Riverside-San Bernardino-Ontario, CA","06","California","071","San Bernardino","34.5109611108812","-117.32554"
"02/25/2025","AirNow","060710306","2","6","ug/m3 LC","33","Victorville-Park Avenue","1","100.0000","88101","PM2.5 - Local Conditions","","","40140","Riverside-San Bernardino-Ontario, CA","06","California","071","San Bernardino","34.5109611108812","-117.32554"
"02/26/2025","AirNow","060710306","2","6.7","ug/m3 LC","37","Victorville-Park Avenue","1","100.0000","88101","PM2.5 - Local Conditions","","","40140","Riverside-San Bernardino-Ontario, CA","06","California","071","San Bernardino","34.5109611108812","-117.32554"
"02/27/2025","AirNow","060710306","2","5.1","ug/m3 LC","28","Victorville-Park Avenue","1","100.0000","88101","PM2.5 - Local Conditions","","","40140","Riverside-San Bernardino-Ontario, CA","06","California","071","San Bernardino","34.5109611108812","-117.32554"
"02/28/2025","AirNow","060710306","2","7.5","ug/m3 LC","42","Victorville-Park Avenue","1","100.0000","88101","PM2.5 - Local Conditions","","","40140","Riverside-San Bernardino-Ontario, CA","06","California","071","San Bernardino","34.5109611108812","-117.32554"
"03/01/2025","AirNow","060710306","2","9.7","ug/m3 LC","52","Victorville-Park Avenue","1","100.0000","88101","PM2.5 - Local Conditions","","","40140","Riverside-San Bernardino-Ontario, CA","06","California","071","San Bernardino","34.5109611108812","-117.32554"
"03/02/2025","AirNow","060710306","2","4.2","ug/m3 LC","23","Victorville-Park Avenue","1","100.0000","88101","PM2.5 - Local Conditions","","","40140","Riverside-San Bernardino-Ontario, CA","06","California","071","San Bernardino","34.5109611108812","-117.32554"
"03/03/2025","AirNow","060710306","2","4.2","ug/m3 LC","23","Victorville-Park Avenue","1","100.0000","88101","PM2.5 - Local Conditions","","","40140","Riverside-San Bernardino-Ontario, CA","06","California","071","San Bernardino","34.5109611108812","-117.32554"
"03/04/2025","AirNow","060710306","2","5.9","ug/m3 LC","33","Victorville-Park Avenue","1","100.0000","88101","PM2.5 - Local Conditions","","","40140","Riverside-San Bernardino-Ontario, CA","06","California","071","San Bernardino","34.5109611108812","-117.32554"
"03/05/2025","AirNow","060710306","2","6.2","ug/m3 LC","34","Victorville-Park Avenue","1","100.0000","88101","PM2.5 - Local Conditions","","","40140","Riverside-San Bernardino-Ontario, CA","06","California","071","San Bernardino","34.5109611108812","-117.32554"
"03/06/2025","AirNow","060710306","2","3.7","ug/m3 LC","21","Victorville-Park Avenue","1","100.0000","88101","PM2.5 - Local Conditions","","","40140","Riverside-San Bernardino-Ontario, CA","06","California","071","San Bernardino","34.5109611108812","-117.32554"
"01/01/2025","AirNow","060712002","3","29.3","ug/m3 LC","89","Fontana","1","100.0000","88502","Acceptable PM2.5 AQI & Speciation Mass","","","40140","Riverside-San Bernardino-Ontario, CA","06","California","071","San Bernardino","34.10002","-117.49201"
"01/02/2025","AirNow","060712002","3","14","ug/m3 LC","60","Fontana","1","100.0000","88502","Acceptable PM2.5 AQI & Speciation Mass","","","40140","Riverside-San Bernardino-Ontario, CA","06","California","071","San Bernardino","34.10002","-117.49201"
"01/03/2025","AirNow","060712002","3","18.9","ug/m3 LC","69","Fontana","1","100.0000","88502","Acceptable PM2.5 AQI & Speciation Mass","","","40140","Riverside-San Bernardino-Ontario, CA","06","California","071","San Bernardino","34.10002","-117.49201"
"01/04/2025","AirNow","060712002","3","38.7","ug/m3 LC","109","Fontana","1","100.0000","88502","Acceptable PM2.5 AQI & Speciation Mass","","","40140","Riverside-San Bernardino-Ontario, CA","06","California","071","San Bernardino","34.10002","-117.49201"
"01/05/2025","AirNow","060712002","3","11.8","ug/m3 LC","56","Fontana","1","100.0000","88502","Acceptable PM2.5 AQI & Speciation Mass","","","40140","Riverside-San Bernardino-Ontario, CA","06","California","071","San Bernardino","34.10002","-117.49201"
"01/06/2025","AirNow","060712002","3","9.6","ug/m3 LC","52","Fontana","1","100.0000","88502","Acceptable PM2.5 AQI & Speciation Mass","","","40140","Riverside-San Bernardino-Ontario, CA","06","California","071","San Bernardino","34.10002","-117.49201"
"01/07/2025","AirNow","060712002","3","9.1","ug/m3 LC","51","Fontana","1","100.0000","88502","Acceptable PM2.5 AQI & Speciation Mass","","","40140","Riverside-San Bernardino-Ontario, CA","06","California","071","San Bernardino","34.10002","-117.49201"
"01/08/2025","AirNow","060712002","3","7.5","ug/m3 LC","42","Fontana","1","100.0000","88502","Acceptable PM2.5 AQI & Speciation Mass","","","40140","Riverside-San Bernardino-Ontario, CA","06","California","071","San Bernardino","34.10002","-117.49201"
"01/09/2025","AirNow","060712002","3","1.7","ug/m3 LC","9","Fontana","1","100.0000","88502","Acceptable PM2.5 AQI & Speciation Mass","","","40140","Riverside-San Bernardino-Ontario, CA","06","California","071","San Bernardino","34.10002","-117.49201"
"01/10/2025","AirNow","060712002","3","17.8","ug/m3 LC","67","Fontana","1","100.0000","88502","Acceptable PM2.5 AQI & Speciation Mass","","","40140","Riverside-San Bernardino-Ontario, CA","06","California","071","San Bernardino","34.10002","-117.49201"
"01/11/2025","AirNow","060712002","3","13.2","ug/m3 LC","59","Fontana","1","100.0000","88502","Acceptable PM2.5 AQI & Speciation Mass","","","40140","Riverside-San Bernardino-Ontario, CA","06","California","071","San Bernardino","34.10002","-117.49201"
"01/12/2025","AirNow","060712002","3","2.4","ug/m3 LC","13","Fontana","1","100.0000","88502","Acceptable PM2.5 AQI & Speciation Mass","","","40140","Riverside-San Bernardino-Ontario, CA","06","California","071","San Bernardino","34.10002","-117.49201"
"01/13/2025","AirNow","060712002","3","0.7","ug/m3 LC","4","Fontana","1","100.0000","88502","Acceptable PM2.5 AQI & Speciation Mass","","","40140","Riverside-San Bernardino-Ontario, CA","06","California","071","San Bernardino","34.10002","-117.49201"
"01/14/2025","AirNow","060712002","3","1.8","ug/m3 LC","10","Fontana","1","100.0000","88502","Acceptable PM2.5 AQI & Speciation Mass","","","40140","Riverside-San Bernardino-Ontario, CA","06","California","071","San Bernardino","34.10002","-117.49201"
"01/15/2025","AirNow","060712002","3","1.6","ug/m3 LC","9","Fontana","1","100.0000","88502","Acceptable PM2.5 AQI & Speciation Mass","","","40140","Riverside-San Bernardino-Ontario, CA","06","California","071","San Bernardino","34.10002","-117.49201"
"01/16/2025","AirNow","060712002","3","5.7","ug/m3 LC","32","Fontana","1","100.0000","88502","Acceptable PM2.5 AQI & Speciation Mass","","","40140","Riverside-San Bernardino-Ontario, CA","06","California","071","San Bernardino","34.10002","-117.49201"
"01/17/2025","AirNow","060712002","3","9.2","ug/m3 LC","51","Fontana","1","100.0000","88502","Acceptable PM2.5 AQI & Speciation Mass","","","40140","Riverside-San Bernardino-Ontario, CA","06","California","071","San Bernardino","34.10002","-117.49201"
"01/18/2025","AirNow","060712002","3","15.6","ug/m3 LC","63","Fontana","1","100.0000","88502","Acceptable PM2.5 AQI & Speciation Mass","","","40140","Riverside-San Bernardino-Ontario, CA","06","California","071","San Bernardino","34.10002","-117.49201"
"01/19/2025","AirNow","060712002","3","21.4","ug/m3 LC","74","Fontana","1","100.0000","88502","Acceptable PM2.5 AQI & Speciation Mass","","","40140","Riverside-San Bernardino-Ontario, CA","06","California","071","San Bernardino","34.10002","-117.49201"
"01/20/2025","AirNow","060712002","3","10.3","ug/m3 LC","53","Fontana","1","100.0000","88502","Acceptable PM2.5 AQI & Speciation Mass","","","40140","Riverside-San Bernardino-Ontario, CA","06","California","071","San Bernardino","34.10002","-117.49201"
"01/21/2025","AirNow","060712002","3","1.8","ug/m3 LC","10","Fontana","1","100.0000","88502","Acceptable PM2.5 AQI & Speciation Mass","","","40140","Riverside-San Bernardino-Ontario, CA","06","California","071","San Bernardino","34.10002","-117.49201"
"01/22/2025","AirNow","060712002","3","2.2","ug/m3 LC","12","Fontana","1","100.0000","88502","Acceptable PM2.5 AQI & Speciation Mass","","","40140","Riverside-San Bernardino-Ontario, CA","06","California","071","San Bernardino","34.10002","-117.49201"
"01/23/2025","AirNow","060712002","3","-0.4","ug/m3 LC","0","Fontana","1","100.0000","88502","Acceptable PM2.5 AQI & Speciation Mass","","","40140","Riverside-San Bernardino-Ontario, CA","06","California","071","San Bernardino","34.10002","-117.49201"
"01/24/2025","AirNow","060712002","3","4.4","ug/m3 LC","24","Fontana","1","100.0000","88502","Acceptable PM2.5 AQI & Speciation Mass","","","40140","Riverside-San Bernardino-Ontario, CA","06","California","071","San Bernardino","34.10002","-117.49201"
"01/25/2025","AirNow","060712002","3","9.3","ug/m3 LC","51","Fontana","1","100.0000","88502","Acceptable PM2.5 AQI & Speciation Mass","","","40140","Riverside-San Bernardino-Ontario, CA","06","California","071","San Bernardino","34.10002","-117.49201"
"01/26/2025","AirNow","060712002","3","3","ug/m3 LC","17","Fontana","1","100.0000","88502","Acceptable PM2.5 AQI & Speciation Mass","","","40140","Riverside-San Bernardino-Ontario, CA","06","California","071","San Bernardino","34.10002","-117.49201"
"01/27/2025","AirNow","060712002","3","4.5","ug/m3 LC","25","Fontana","1","100.0000","88502","Acceptable PM2.5 AQI & Speciation Mass","","","40140","Riverside-San Bernardino-Ontario, CA","06","California","071","San Bernardino","34.10002","-117.49201"
"01/28/2025","AirNow","060712002","3","9.6","ug/m3 LC","52","Fontana","1","100.0000","88502","Acceptable PM2.5 AQI & Speciation Mass","","","40140","Riverside-San Bernardino-Ontario, CA","06","California","071","San Bernardino","34.10002","-117.49201"
"01/29/2025","AirNow","060712002","3","12.4","ug/m3 LC","57","Fontana","1","100.0000","88502","Acceptable PM2.5 AQI & Speciation Mass","","","40140","Riverside-San Bernardino-Ontario, CA","06","California","071","San Bernardino","34.10002","-117.49201"
"01/30/2025","AirNow","060712002","3","17.3","ug/m3 LC","66","Fontana","1","100.0000","88502","Acceptable PM2.5 AQI & Speciation Mass","","","40140","Riverside-San Bernardino-Ontario, CA","06","California","071","San Bernardino","34.10002","-117.49201"
"01/31/2025","AirNow","060712002","3","20.7","ug/m3 LC","73","Fontana","1","100.0000","88502","Acceptable PM2.5 AQI & Speciation Mass","","","40140","Riverside-San Bernardino-Ontario, CA","06","California","071","San Bernardino","34.10002","-117.49201"
"02/01/2025","AirNow","060712002","3","21.8","ug/m3 LC","75","Fontana","1","100.0000","88502","Acceptable PM2.5 AQI & Speciation Mass","","","40140","Riverside-San Bernardino-Ontario, CA","06","California","071","San Bernardino","34.10002","-117.49201"
"02/02/2025","AirNow","060712002","3","26.3","ug/m3 LC","83","Fontana","1","100.0000","88502","Acceptable PM2.5 AQI & Speciation Mass","","","40140","Riverside-San Bernardino-Ontario, CA","06","California","071","San Bernardino","34.10002","-117.49201"
"02/03/2025","AirNow","060712002","3","16.4","ug/m3 LC","65","Fontana","1","100.0000","88502","Acceptable PM2.5 AQI & Speciation Mass","","","40140","Riverside-San Bernardino-Ontario, CA","06","California","071","San Bernardino","34.10002","-117.49201"
"02/04/2025","AirNow","060712002","3","15","ug/m3 LC","62","Fontana","1","100.0000","88502","Acceptable PM2.5 AQI & Speciation Mass","","","40140","Riverside-San Bernardino-Ontario, CA","06","California","071","San Bernardino","34.10002","-117.49201"
"02/05/2025","AirNow","060712002","3","5.3","ug/m3 LC","29","Fontana","1","100.0000","88502","Acceptable PM2.5 AQI & Speciation Mass","","","40140","Riverside-San Bernardino-Ontario, CA","06","California","071","San Bernardino","34.10002","-117.49201"
"02/06/2025","AirNow","060712002","3","5","ug/m3 LC","28","Fontana","1","100.0000","88502","Acceptable PM2.5 AQI & Speciation Mass","","","40140","Riverside-San Bernardino-Ontario, CA","06","California","071","San Bernardino","34.10002","-117.49201"
"02/07/2025","AirNow","060712002","3","2.7","ug/m3 LC","15","Fontana","1","100.0000","88502","Acceptable PM2.5 AQI & Speciation Mass","","","40140","Riverside-San Bernardino-Ontario, CA","06","California","071","San Bernardino","34.10002","-117.49201"
"02/08/2025","AirNow","060712002","3","9.2","ug/m3 LC","51","Fontana","1","100.0000","88502","Acceptable PM2.5 AQI & Speciation Mass","","","40140","Riverside-San Bernardino-Ontario, CA","06","California","071","San Bernardino","34.10002","-117.49201"
"02/09/2025","AirNow","060712002","3","11.1","ug/m3 LC","55","Fontana","1","100.0000","88502","Acceptable PM2.5 AQI & Speciation Mass","","","40140","Riverside-San Bernardino-Ontario, CA","06","California","071","San Bernardino","34.10002","-117.49201"
"02/10/2025","AirNow","060712002","3","8.5","ug/m3 LC","47","Fontana","1","100.0000","88502","Acceptable PM2.5 AQI & Speciation Mass","","","40140","Riverside-San Bernardino-Ontario, CA","06","California","071","San Bernardino","34.10002","-117.49201"
"02/11/2025","AirNow","060712002","3","3.6","ug/m3 LC","20","Fontana","1","100.0000","88502","Acceptable PM2.5 AQI & Speciation Mass","","","40140","Riverside-San Bernardino-Ontario, CA","06","California","071","San Bernardino","34.10002","-117.49201"
"02/12/2025","AirNow","060712002","3","3.3","ug/m3 LC","18","Fontana","1","100.0000","88502","Acceptable PM2.5 AQI & Speciation Mass","","","40140","Riverside-San Bernardino-Ontario, CA","06","California","071","San Bernardino","34.10002","-117.49201"
"02/13/2025","AirNow","060712002","3","1","ug/m3 LC","6","Fontana","1","100.0000","88502","Acceptable PM2.5 AQI & Speciation Mass","","","40140","Riverside-San Bernardino-Ontario, CA","06","California","071","San Bernardino","34.10002","-117.49201"
"02/19/2025","AirNow","060712002","3","25","ug/m3 LC","81","Fontana","1","100.0000","88502","Acceptable PM2.5 AQI & Speciation Mass","","","40140","Riverside-San Bernardino-Ontario, CA","06","California","071","San Bernardino","34.10002","-117.49201"
"02/21/2025","AirNow","060712002","3","0.9","ug/m3 LC","5","Fontana","1","100.0000","88502","Acceptable PM2.5 AQI & Speciation Mass","","","40140","Riverside-San Bernardino-Ontario, CA","06","California","071","San Bernardino","34.10002","-117.49201"
"02/22/2025","AirNow","060712002","3","7.6","ug/m3 LC","42","Fontana","1","100.0000","88502","Acceptable PM2.5 AQI & Speciation Mass","","","40140","Riverside-San Bernardino-Ontario, CA","06","California","071","San Bernardino","34.10002","-117.49201"
"02/23/2025","AirNow","060712002","3","11.9","ug/m3 LC","56","Fontana","1","100.0000","88502","Acceptable PM2.5 AQI & Speciation Mass","","","40140","Riverside-San Bernardino-Ontario, CA","06","California","071","San Bernardino","34.10002","-117.49201"
"02/24/2025","AirNow","060712002","3","13.8","ug/m3 LC","60","Fontana","1","100.0000","88502","Acceptable PM2.5 AQI & Speciation Mass","","","40140","Riverside-San Bernardino-Ontario, CA","06","California","071","San Bernardino","34.10002","-117.49201"
"02/25/2025","AirNow","060712002","3","18.4","ug/m3 LC","68","Fontana","1","100.0000","88502","Acceptable PM2.5 AQI & Speciation Mass","","","40140","Riverside-San Bernardino-Ontario, CA","06","California","071","San Bernardino","34.10002","-117.49201"
"02/26/2025","AirNow","060712002","3","10.5","ug/m3 LC","54","Fontana","1","100.0000","88502","Acceptable PM2.5 AQI & Speciation Mass","","","40140","Riverside-San Bernardino-Ontario, CA","06","California","071","San Bernardino","34.10002","-117.49201"
"02/27/2025","AirNow","060712002","3","0.7","ug/m3 LC","4","Fontana","1","100.0000","88502","Acceptable PM2.5 AQI & Speciation Mass","","","40140","Riverside-San Bernardino-Ontario, CA","06","California","071","San Bernardino","34.10002","-117.49201"
"02/28/2025","AirNow","060712002","3","5.3","ug/m3 LC","29","Fontana","1","100.0000","88502","Acceptable PM2.5 AQI & Speciation Mass","","","40140","Riverside-San Bernardino-Ontario, CA","06","California","071","San Bernardino","34.10002","-117.49201"
"03/01/2025","AirNow","060712002","3","10","ug/m3 LC","53","Fontana","1","100.0000","88502","Acceptable PM2.5 AQI & Speciation Mass","","","40140","Riverside-San Bernardino-Ontario, CA","06","California","071","San Bernardino","34.10002","-117.49201"
"03/02/2025","AirNow","060712002","3","5","ug/m3 LC","28","Fontana","1","100.0000","88502","Acceptable PM2.5 AQI & Speciation Mass","","","40140","Riverside-San Bernardino-Ontario, CA","06","California","071","San Bernardino","34.10002","-117.49201"
"03/03/2025","AirNow","060712002","3","3.7","ug/m3 LC","21","Fontana","1","100.0000","88502","Acceptable PM2.5 AQI & Speciation Mass","","","40140","Riverside-San Bernardino-Ontario, CA","06","California","071","San Bernardino","34.10002","-117.49201"
"03/04/2025","AirNow","060712002","3","6.3","ug/m3 LC","35","Fontana","1","100.0000","88502","Acceptable PM2.5 AQI & Speciation Mass","","","40140","Riverside-San Bernardino-Ontario, CA","06","California","071","San Bernardino","34.10002","-117.49201"
"03/05/2025","AirNow","060712002","3","11.9","ug/m3 LC","56","Fontana","1","100.0000","88502","Acceptable PM2.5 AQI & Speciation Mass","","","40140","Riverside-San Bernardino-Ontario, CA","06","California","071","San Bernardino","34.10002","-117.49201"
"03/06/2025","AirNow","060712002","3","3.2","ug/m3 LC","18","Fontana","1","100.0000","88502","Acceptable PM2.5 AQI & Speciation Mass","","","40140","Riverside-San Bernardino-Ontario, CA","06","California","071","San Bernardino","34.10002","-117.49201"
"01/01/2025","AirNow","060718001","3","19.2","ug/m3 LC","70","Big Bear","1","100.0000","88101","PM2.5 - Local Conditions","","","40140","Riverside-San Bernardino-Ontario, CA","06","California","071","San Bernardino","34.2646400008783","-116.86147"
"01/02/2025","AirNow","060718001","3","14.8","ug/m3 LC","62","Big Bear","1","100.0000","88101","PM2.5 - Local Conditions","","","40140","Riverside-San Bernardino-Ontario, CA","06","California","071","San Bernardino","34.2646400008783","-116.86147"
"01/03/2025","AirNow","060718001","3","1","ug/m3 LC","6","Big Bear","1","100.0000","88101","PM2.5 - Local Conditions","","","40140","Riverside-San Bernardino-Ontario, CA","06","California","071","San Bernardino","34.2646400008783","-116.86147"
"01/04/2025","AirNow","060718001","3","11.8","ug/m3 LC","56","Big Bear","1","100.0000","88101","PM2.5 - Local Conditions","","","40140","Riverside-San Bernardino-Ontario, CA","06","California","071","San Bernardino","34.2646400008783","-116.86147"
"01/05/2025","AirNow","060718001","3","15.3","ug/m3 LC","63","Big Bear","1","100.0000","88101","PM2.5 - Local Conditions","","","40140","Riverside-San Bernardino-Ontario, CA","06","California","071","San Bernardino","34.2646400008783","-116.86147"
"01/06/2025","AirNow","060718001","3","9.1","ug/m3 LC","51","Big Bear","1","100.0000","88101","PM2.5 - Local Conditions","","","40140","Riverside-San Bernardino-Ontario, CA","06","California","071","San Bernardino","34.2646400008783","-116.86147"
"01/07/2025","AirNow","060718001","3","4.4","ug/m3 LC","24","Big Bear","1","100.0000","88101","PM2.5 - Local Conditions","","","40140","Riverside-San Bernardino-Ontario, CA","06","California","071","San Bernardino","34.2646400008783","-116.86147"
"01/08/2025","AirNow","060718001","3","3.5","ug/m3 LC","19","Big Bear","1","100.0000","88101","PM2.5 - Local Conditions","","","40140","Riverside-San Bernardino-Ontario, CA","06","California","071","San Bernardino","34.2646400008783","-116.86147"
"01/09/2025","AirNow","060718001","3","1.6","ug/m3 LC","9","Big Bear","1","100.0000","88101","PM2.5 - Local Conditions","","","40140","Riverside-San Bernardino-Ontario, CA","06","California","071","San Bernardino","34.2646400008783","-116.86147"
"01/10/2025","AirNow","060718001","3","6.9","ug/m3 LC","38","Big Bear","1","100.0000","88101","PM2.5 - Local Conditions","","","40140","Riverside-San Bernardino-Ontario, CA","06","California","071","San Bernardino","34.2646400008783","-116.86147"
"01/11/2025","AirNow","060718001","3","1.9","ug/m3 LC","11","Big Bear","1","100.0000","88101","PM2.5 - Local Conditions","","","40140","Riverside-San Bernardino-Ontario, CA","06","California","071","San Bernardino","34.2646400008783","-116.86147"
"01/12/2025","AirNow","060718001","3","2.5","ug/m3 LC","14","Big Bear","1","100.0000","88101","PM2.5 - Local Conditions","","","40140","Riverside-San Bernardino-Ontario, CA","06","California","071","San Bernardino","34.2646400008783","-116.86147"
"01/13/2025","AirNow","060718001","3","7.6","ug/m3 LC","42","Big Bear","1","100.0000","88101","PM2.5 - Local Conditions","","","40140","Riverside-San Bernardino-Ontario, CA","06","California","071","San Bernardino","34.2646400008783","-116.86147"
"01/14/2025","AirNow","060718001","3","4.2","ug/m3 LC","23","Big Bear","1","100.0000","88101","PM2.5 - Local Conditions","","","40140","Riverside-San Bernardino-Ontario, CA","06","California","071","San Bernardino","34.2646400008783","-116.86147"
"01/15/2025","AirNow","060718001","3","2.9","ug/m3 LC","16","Big Bear","1","100.0000","88101","PM2.5 - Local Conditions","","","40140","Riverside-San Bernardino-Ontario, CA","06","California","071","San Bernardino","34.2646400008783","-116.86147"
"01/16/2025","AirNow","060718001","3","8.3","ug/m3 LC","46","Big Bear","1","100.0000","88101","PM2.5 - Local Conditions","","","40140","Riverside-San Bernardino-Ontario, CA","06","California","071","San Bernardino","34.2646400008783","-116.86147"
"01/17/2025","AirNow","060718001","3","7.6","ug/m3 LC","42","Big Bear","1","100.0000","88101","PM2.5 - Local Conditions","","","40140","Riverside-San Bernardino-Ontario, CA","06","California","071","San Bernardino","34.2646400008783","-116.86147"
"01/18/2025","AirNow","060718001","3","11.5","ug/m3 LC","55","Big Bear","1","100.0000","88101","PM2.5 - Local Conditions","","","40140","Riverside-San Bernardino-Ontario, CA","06","California","071","San Bernardino","34.2646400008783","-116.86147"
"01/19/2025","AirNow","060718001","3","5.9","ug/m3 LC","33","Big Bear","1","100.0000","88101","PM2.5 - Local Conditions","","","40140","Riverside-San Bernardino-Ontario, CA","06","California","071","San Bernardino","34.2646400008783","-116.86147"
"01/20/2025","AirNow","060718001","3","3.8","ug/m3 LC","21","Big Bear","1","100.0000","88101","PM2.5 - Local Conditions","","","40140","Riverside-San Bernardino-Ontario, CA","06","California","071","San Bernardino","34.2646400008783","-116.86147"
"01/21/2025","AirNow","060718001","3","8.9","ug/m3 LC","49","Big Bear","1","100.0000","88101","PM2.5 - Local Conditions","","","40140","Riverside-San Bernardino-Ontario, CA","06","California","071","San Bernardino","34.2646400008783","-116.86147"
"01/22/2025","AirNow","060718001","3","10.5","ug/m3 LC","54","Big Bear","1","100.0000","88101","PM2.5 - Local Conditions","","","40140","Riverside-San Bernardino-Ontario, CA","06","California","071","San Bernardino","34.2646400008783","-116.86147"
"01/23/2025","AirNow","060718001","3","6.1","ug/m3 LC","34","Big Bear","1","100.0000","88101","PM2.5 - Local Conditions","","","40140","Riverside-San Bernardino-Ontario, CA","06","California","071","San Bernardino","34.2646400008783","-116.86147"
"01/24/2025","AirNow","060718001","3","4","ug/m3 LC","22","Big Bear","1","100.0000","88101","PM2.5 - Local Conditions","","","40140","Riverside-San Bernardino-Ontario, CA","06","California","071","San Bernardino","34.2646400008783","-116.86147"
"01/26/2025","AirNow","060718001","3","5.4","ug/m3 LC","30","Big Bear","1","100.0000","88101","PM2.5 - Local Conditions","","","40140","Riverside-San Bernardino-Ontario, CA","06","California","071","San Bernardino","34.2646400008783","-116.86147"
"01/27/2025","AirNow","060718001","3","6.6","ug/m3 LC","37","Big Bear","1","100.0000","88101","PM2.5 - Local Conditions","","","40140","Riverside-San Bernardino-Ontario, CA","06","California","071","San Bernardino","34.2646400008783","-116.86147"
"01/28/2025","AirNow","060718001","3","11.4","ug/m3 LC","55","Big Bear","1","100.0000","88101","PM2.5 - Local Conditions","","","40140","Riverside-San Bernardino-Ontario, CA","06","California","071","San Bernardino","34.2646400008783","-116.86147"
"01/29/2025","AirNow","060718001","3","8.6","ug/m3 LC","48","Big Bear","1","100.0000","88101","PM2.5 - Local Conditions","","","40140","Riverside-San Bernardino-Ontario, CA","06","California","071","San Bernardino","34.2646400008783","-116.86147"
"01/30/2025","AirNow","060718001","3","7.1","ug/m3 LC","39","Big Bear","1","100.0000","88101","PM2.5 - Local Conditions","","","40140","Riverside-San Bernardino-Ontario, CA","06","California","071","San Bernardino","34.2646400008783","-116.86147"
"01/31/2025","AirNow","060718001","3","5.3","ug/m3 LC","29","Big Bear","1","100.0000","88101","PM2.5 - Local Conditions","","","40140","Riverside-San Bernardino-Ontario, CA","06","California","071","San Bernardino","34.2646400008783","-116.86147"
"02/01/2025","AirNow","060718001","3","4.8","ug/m3 LC","27","Big Bear","1","100.0000","88101","PM2.5 - Local Conditions","","","40140","Riverside-San Bernardino-Ontario, CA","06","California","071","San Bernardino","34.2646400008783","-116.86147"
"02/02/2025","AirNow","060718001","3","5.2","ug/m3 LC","29","Big Bear","1","100.0000","88101","PM2.5 - Local Conditions","","","40140","Riverside-San Bernardino-Ontario, CA","06","California","071","San Bernardino","34.2646400008783","-116.86147"
"02/03/2025","AirNow","060718001","3","3.3","ug/m3 LC","18","Big Bear","1","100.0000","88101","PM2.5 - Local Conditions","","","40140","Riverside-San Bernardino-Ontario, CA","06","California","071","San Bernardino","34.2646400008783","-116.86147"
"02/04/2025","AirNow","060718001","3","1","ug/m3 LC","6","Big Bear","1","100.0000","88101","PM2.5 - Local Conditions","","","40140","Riverside-San Bernardino-Ontario, CA","06","California","071","San Bernardino","34.2646400008783","-116.86147"
"02/05/2025","AirNow","060718001","3","4.3","ug/m3 LC","24","Big Bear","1","100.0000","88101","PM2.5 - Local Conditions","","","40140","Riverside-San Bernardino-Ontario, CA","06","California","071","San Bernardino","34.2646400008783","-116.86147"
"02/06/2025","AirNow","060718001","3","2.4","ug/m3 LC","13","Big Bear","1","100.0000","88101","PM2.5 - Local Conditions","","","40140","Riverside-San Bernardino-Ontario, CA","06","California","071","San Bernardino","34.2646400008783","-116.86147"
"02/07/2025","AirNow","060718001","3","1.2","ug/m3 LC","7","Big Bear","1","100.0000","88101","PM2.5 - Local Conditions","","","40140","Riverside-San Bernardino-Ontario, CA","06","California","071","San Bernardino","34.2646400008783","-116.86147"
"02/08/2025","AirNow","060718001","3","7.1","ug/m3 LC","39","Big Bear","1","100.0000","88101","PM2.5 - Local Conditions","","","40140","Riverside-San Bernardino-Ontario, CA","06","California","071","San Bernardino","34.2646400008783","-116.86147"
"02/09/2025","AirNow","060718001","3","6.2","ug/m3 LC","34","Big Bear","1","100.0000","88101","PM2.5 - Local Conditions","","","40140","Riverside-San Bernardino-Ontario, CA","06","California","071","San Bernardino","34.2646400008783","-116.86147"
"02/10/2025","AirNow","060718001","3","6.4","ug/m3 LC","36","Big Bear","1","100.0000","88101","PM2.5 - Local Conditions","","","40140","Riverside-San Bernardino-Ontario, CA","06","California","071","San Bernardino","34.2646400008783","-116.86147"
"02/11/2025","AirNow","060718001","3","3.5","ug/m3 LC","19","Big Bear","1","100.0000","88101","PM2.5 - Local Conditions","","","40140","Riverside-San Bernardino-Ontario, CA","06","California","071","San Bernardino","34.2646400008783","-116.86147"
"02/12/2025","AirNow","060718001","3","2.6","ug/m3 LC","14","Big Bear","1","100.0000","88101","PM2.5 - Local Conditions","","","40140","Riverside-San Bernardino-Ontario, CA","06","California","071","San Bernardino","34.2646400008783","-116.86147"
